{
  "type": "FeatureCollection",
  "features": [
    {
      "type": "Feature",
      "id": 1165,
      "geometry": {
        "type": "Polygon",
        "coordinates": [
          [
            [
              121.67062818300008,
              16.723127816000044
            ],
            [
              121.66821856700005,
              16.726468647000047
            ],
            [
              121.66682256500007,
              16.726043683000057
            ],
            [
              121.66467056700003,
              16.726180689000046
            ],
            [
              121.6632445680001,
              16.726167700000076
            ],
            [
              121.66055856600008,
              16.72556875500004
            ],
            [
              121.65933056200004,
              16.724916803000042
            ],
            [
              121.65790355400009,
              16.723783882000077
            ],
            [
              121.65720798400002,
              16.722742976000063
            ],
            [
              121.65639447900003,
              16.721872525000038
            ],
            [
              121.6554625330001,
              16.720699086000025
            ],
            [
              121.65360851500009,
              16.71817025300004
            ],
            [
              121.65370964700003,
              16.716207182000062
            ],
            [
              121.65382613700001,
              16.715333507000025
            ],
            [
              121.66245693700012,
              16.708313963000023
            ],
            [
              121.664366244,
              16.709132238000052
            ],
            [
              121.66502824300005,
              16.711945962000073
            ],
            [
              121.66482711100002,
              16.71377626700007
            ],
            [
              121.66483528200001,
              16.716568430000052
            ],
            [
              121.66399607800008,
              16.717776065000066
            ],
            [
              121.66399607800008,
              16.71826730600003
            ],
            [
              121.66401654700007,
              16.718615269000054
            ],
            [
              121.66424169900006,
              16.719126979000066
            ],
            [
              121.66499902900011,
              16.71953634600004
            ],
            [
              121.66843632100006,
              16.721751534000077
            ],
            [
              121.67062818300008,
              16.723127816000044
            ]
          ]
        ]
      },
      "properties": {
        "objectid": 1165,
        "gthcode": "8010231120010000",
        "reg_name": "Region II (Cagayan Valley)",
        "prov_name": "Isabela",
        "city_name": "Echague",
        "brgy_name": "Angoluan",
        "reg_code": "020000000",
        "prov_code": "023100000",
        "city_code": "023112000",
        "brgy_code": "023112001",
        "psgc_10d": "0203112001",
        "geographic_level": "Bgy",
        "old_names": "",
        "class": "Municipality",
        "income_class": "",
        "urban_rural2015": "R",
        "bgypop2015": 786,
        "bgypop2020": 1022,
        "bgyarea_sqkm": 1.93030639,
        "gida": "No",
        "gida_yr": null,
        "name": "Angoluan",
        "Barangay": "Angoluan",
        "BRGY_NAME": "Angoluan",
        "NAME_1": "Isabela",
        "NAME_2": "Echague",
        "NAME_3": "Angoluan",
        "MUNICIPALITY": "Echague",
        "PROVINCE": "Isabela",
        "SOURCE": "PSA/GeoRisk BarangayPopMF ArcGIS boundary layer",
        "SOURCE_URL": "https://ulap-nga.georisk.gov.ph/arcgis/rest/services/PSA/BarangayPopMF/MapServer/0",
        "OSM_CENTER_REFERENCE": "OpenStreetMap/Nominatim Echague town point: 16.7053600, 121.6749455",
        "PSA_BRGY_NAME": "Angoluan"
      }
    },
    {
      "type": "Feature",
      "id": 1243,
      "geometry": {
        "type": "Polygon",
        "coordinates": [
          [
            [
              121.72649714700003,
              16.718881999000075
            ],
            [
              121.7260574720001,
              16.71925568200004
            ],
            [
              121.71663447500009,
              16.718747778000022
            ],
            [
              121.71567482000012,
              16.71744189800006
            ],
            [
              121.7117940600001,
              16.71216102900007
            ],
            [
              121.7149996490001,
              16.705677226000034
            ],
            [
              121.71410904800007,
              16.705177582000033
            ],
            [
              121.71430315000009,
              16.705056268000078
            ],
            [
              121.71487332400011,
              16.704219204000026
            ],
            [
              121.71781734400008,
              16.701435822000064
            ],
            [
              121.7191753520001,
              16.702612741000053
            ],
            [
              121.72166236100009,
              16.704077634000043
            ],
            [
              121.72318836700003,
              16.705029566000064
            ],
            [
              121.72430907800003,
              16.705912624000064
            ],
            [
              121.72535793400004,
              16.707005949000063
            ],
            [
              121.72656038600007,
              16.707893368000043
            ],
            [
              121.72730039200007,
              16.708815307000066
            ],
            [
              121.72838316800005,
              16.71188827700007
            ],
            [
              121.72876989100007,
              16.71379747900005
            ],
            [
              121.72792426900003,
              16.715315261000057
            ],
            [
              121.72738220400004,
              16.715879009000048
            ],
            [
              121.72666154600006,
              16.717667276000043
            ],
            [
              121.72661131300003,
              16.71814677200007
            ],
            [
              121.7265090730001,
              16.71880340100006
            ],
            [
              121.72649714700003,
              16.718881999000075
            ]
          ]
        ]
      },
      "properties": {
        "objectid": 1243,
        "gthcode": "8010231120020000",
        "reg_name": "Region II (Cagayan Valley)",
        "prov_name": "Isabela",
        "city_name": "Echague",
        "brgy_name": "Annafunan",
        "reg_code": "020000000",
        "prov_code": "023100000",
        "city_code": "023112000",
        "brgy_code": "023112002",
        "psgc_10d": "0203112002",
        "geographic_level": "Bgy",
        "old_names": "",
        "class": "Municipality",
        "income_class": "",
        "urban_rural2015": "R",
        "bgypop2015": 2466,
        "bgypop2020": 3216,
        "bgyarea_sqkm": 2.36221608,
        "gida": "No",
        "gida_yr": null,
        "name": "Annafunan",
        "Barangay": "Annafunan",
        "BRGY_NAME": "Annafunan",
        "NAME_1": "Isabela",
        "NAME_2": "Echague",
        "NAME_3": "Annafunan",
        "MUNICIPALITY": "Echague",
        "PROVINCE": "Isabela",
        "SOURCE": "PSA/GeoRisk BarangayPopMF ArcGIS boundary layer",
        "SOURCE_URL": "https://ulap-nga.georisk.gov.ph/arcgis/rest/services/PSA/BarangayPopMF/MapServer/0",
        "OSM_CENTER_REFERENCE": "OpenStreetMap/Nominatim Echague town point: 16.7053600, 121.6749455",
        "PSA_BRGY_NAME": "Annafunan"
      }
    },
    {
      "type": "Feature",
      "id": 1477,
      "geometry": {
        "type": "Polygon",
        "coordinates": [
          [
            [
              121.62797312100008,
              16.66319077000003
            ],
            [
              121.61055697200004,
              16.668719183000064
            ],
            [
              121.60239627400006,
              16.66375624500006
            ],
            [
              121.60022499700005,
              16.662435780000067
            ],
            [
              121.59850548500003,
              16.657537776000026
            ],
            [
              121.59949550700003,
              16.65196238900006
            ],
            [
              121.59715071800008,
              16.64904443000006
            ],
            [
              121.59730703700006,
              16.645605406000072
            ],
            [
              121.59715071800008,
              16.64169742400003
            ],
            [
              121.59718793900004,
              16.63607563200003
            ],
            [
              121.59871391100012,
              16.63528833400005
            ],
            [
              121.6037682330001,
              16.63440252500004
            ],
            [
              121.6093957270001,
              16.63487148300004
            ],
            [
              121.61571765600002,
              16.636839871000063
            ],
            [
              121.62044228900004,
              16.636069930000076
            ],
            [
              121.62466290900011,
              16.636330463000036
            ],
            [
              121.63026711100008,
              16.639306195000074
            ],
            [
              121.63192399100001,
              16.646214775000033
            ],
            [
              121.63004996300003,
              16.65115471200005
            ],
            [
              121.62889755800006,
              16.655285133000064
            ],
            [
              121.62908939500005,
              16.657203503000062
            ],
            [
              121.62862898600008,
              16.658891668000024
            ],
            [
              121.62747796400004,
              16.660810038000022
            ],
            [
              121.62797312100008,
              16.66319077000003
            ]
          ]
        ]
      },
      "properties": {
        "objectid": 1477,
        "gthcode": "8010231120030000",
        "reg_name": "Region II (Cagayan Valley)",
        "prov_name": "Isabela",
        "city_name": "Echague",
        "brgy_name": "Arabiat",
        "reg_code": "020000000",
        "prov_code": "023100000",
        "city_code": "023112000",
        "brgy_code": "023112003",
        "psgc_10d": "0203112003",
        "geographic_level": "Bgy",
        "old_names": "",
        "class": "Municipality",
        "income_class": "",
        "urban_rural2015": "R",
        "bgypop2015": 1309,
        "bgypop2020": 1672,
        "bgyarea_sqkm": 11.077302679999999,
        "gida": "No",
        "gida_yr": null,
        "name": "Arabiat",
        "Barangay": "Arabiat",
        "BRGY_NAME": "Arabiat",
        "NAME_1": "Isabela",
        "NAME_2": "Echague",
        "NAME_3": "Arabiat",
        "MUNICIPALITY": "Echague",
        "PROVINCE": "Isabela",
        "SOURCE": "PSA/GeoRisk BarangayPopMF ArcGIS boundary layer",
        "SOURCE_URL": "https://ulap-nga.georisk.gov.ph/arcgis/rest/services/PSA/BarangayPopMF/MapServer/0",
        "OSM_CENTER_REFERENCE": "OpenStreetMap/Nominatim Echague town point: 16.7053600, 121.6749455",
        "PSA_BRGY_NAME": "Arabiat"
      }
    },
    {
      "type": "Feature",
      "id": 1560,
      "geometry": {
        "type": "Polygon",
        "coordinates": [
          [
            [
              121.75662193800008,
              16.709979031000046
            ],
            [
              121.74893221900004,
              16.711092519000033
            ],
            [
              121.74921198200002,
              16.70647643700005
            ],
            [
              121.7500162990001,
              16.70336407900004
            ],
            [
              121.75029606100009,
              16.700811245000068
            ],
            [
              121.7519825170001,
              16.696626416000072
            ],
            [
              121.75302171800001,
              16.69297940900003
            ],
            [
              121.75383116100011,
              16.688194090000025
            ],
            [
              121.75764381600004,
              16.68900766400003
            ],
            [
              121.76183540600005,
              16.688751036000042
            ],
            [
              121.76253348800003,
              16.685860410000032
            ],
            [
              121.76585054500003,
              16.683597887000076
            ],
            [
              121.7660695940001,
              16.68377704100004
            ],
            [
              121.76602057700006,
              16.684128329000032
            ],
            [
              121.76600423800005,
              16.68438158300006
            ],
            [
              121.76612678000004,
              16.684602159000065
            ],
            [
              121.76646172900007,
              16.68472470100005
            ],
            [
              121.76650257600011,
              16.684961616000066
            ],
            [
              121.76655159300003,
              16.68522303900005
            ],
            [
              121.76676399900009,
              16.685435446000042
            ],
            [
              121.76698457500004,
              16.68553347900007
            ],
            [
              121.76719698200009,
              16.685590666000053
            ],
            [
              121.76740938800003,
              16.685933784000042
            ],
            [
              121.76745023600006,
              16.68642395300003
            ],
            [
              121.76761362500008,
              16.686693545000026
            ],
            [
              121.76804660800008,
              16.686816088000057
            ],
            [
              121.76820182800009,
              16.686971308000068
            ],
            [
              121.76861847100008,
              16.68703666400006
            ],
            [
              121.76874918300007,
              16.686807918000056
            ],
            [
              121.76896158900001,
              16.68671805400004
            ],
            [
              121.76911680900002,
              16.686456631000055
            ],
            [
              121.76954162200002,
              16.686472970000068
            ],
            [
              121.769672334,
              16.686791579000044
            ],
            [
              121.76984389300003,
              16.68702032500005
            ],
            [
              121.77013799400004,
              16.687142867000034
            ],
            [
              121.77045660400006,
              16.687355273000037
            ],
            [
              121.77070985800003,
              16.687739239000052
            ],
            [
              121.77088141700006,
              16.687910798000075
            ],
            [
              121.77097945100002,
              16.68807418700004
            ],
            [
              121.77111833200001,
              16.688196730000072
            ],
            [
              121.77129806000005,
              16.688409136000075
            ],
            [
              121.77162484000007,
              16.68836828900004
            ],
            [
              121.77187809300005,
              16.688311102000057
            ],
            [
              121.77200880500004,
              16.688311102000057
            ],
            [
              121.7720905000001,
              16.688417306000076
            ],
            [
              121.7720823300001,
              16.688588865000042
            ],
            [
              121.77200880500004,
              16.688711407000028
            ],
            [
              121.771820907,
              16.68884211900007
            ],
            [
              121.77169019500002,
              16.689046355000073
            ],
            [
              121.771829077,
              16.689111711000066
            ],
            [
              121.77200063600003,
              16.689087203000042
            ],
            [
              121.77214768600004,
              16.68898100000007
            ],
            [
              121.77227839800003,
              16.68883394900007
            ],
            [
              121.77248263500007,
              16.68883394900007
            ],
            [
              121.77259700800005,
              16.688964661000057
            ],
            [
              121.77261334700006,
              16.689111711000066
            ],
            [
              121.77248263500007,
              16.689250592000064
            ],
            [
              121.77239277100011,
              16.68938130400005
            ],
            [
              121.77226205900001,
              16.689446660000044
            ],
            [
              121.77225388900001,
              16.689618219000067
            ],
            [
              121.77238460100011,
              16.68967540500006
            ],
            [
              121.77254799100001,
              16.68967540500006
            ],
            [
              121.77267053300011,
              16.689650897000035
            ],
            [
              121.77269811100007,
              16.689650897000035
            ],
            [
              121.77289927800007,
              16.689650897000035
            ],
            [
              121.77307900700009,
              16.689699914000073
            ],
            [
              121.77306266800008,
              16.689912320000076
            ],
            [
              121.77304632900007,
              16.690206422000074
            ],
            [
              121.77320971900008,
              16.690361642000028
            ],
            [
              121.77349565000009,
              16.69036981100004
            ],
            [
              121.7736508700001,
              16.690394320000053
            ],
            [
              121.77381426000011,
              16.690443336000044
            ],
            [
              121.77386327700003,
              16.690639404000024
            ],
            [
              121.77378158200008,
              16.690998861000025
            ],
            [
              121.77363453100008,
              16.691154081000036
            ],
            [
              121.77356100600002,
              16.691399165000064
            ],
            [
              121.7736508700001,
              16.691562555000075
            ],
            [
              121.77396948000012,
              16.69148086000007
            ],
            [
              121.77422273400009,
              16.691464521000057
            ],
            [
              121.7743779540001,
              16.69157889400003
            ],
            [
              121.77436978500009,
              16.69188116500004
            ],
            [
              121.77441063200001,
              16.692158927000037
            ],
            [
              121.77468022500011,
              16.692354995000073
            ],
            [
              121.77484361400002,
              16.69251838400004
            ],
            [
              121.77473741100005,
              16.692787977000023
            ],
            [
              121.77443916600009,
              16.693172323000056
            ],
            [
              121.783012514,
              16.696994102000076
            ],
            [
              121.78301827900009,
              16.69922850200004
            ],
            [
              121.78300232200002,
              16.704935155000044
            ],
            [
              121.77782233000005,
              16.705528155000025
            ],
            [
              121.7644336190001,
              16.708791134000023
            ],
            [
              121.75662193800008,
              16.709979031000046
            ]
          ]
        ]
      },
      "properties": {
        "objectid": 1560,
        "gthcode": "8010231120040000",
        "reg_name": "Region II (Cagayan Valley)",
        "prov_name": "Isabela",
        "city_name": "Echague",
        "brgy_name": "Aromin",
        "reg_code": "020000000",
        "prov_code": "023100000",
        "city_code": "023112000",
        "brgy_code": "023112004",
        "psgc_10d": "0203112004",
        "geographic_level": "Bgy",
        "old_names": "",
        "class": "Municipality",
        "income_class": "",
        "urban_rural2015": "R",
        "bgypop2015": 929,
        "bgypop2020": 1035,
        "bgyarea_sqkm": 6.88111615,
        "gida": "No",
        "gida_yr": null,
        "name": "Aromin",
        "Barangay": "Aromin",
        "BRGY_NAME": "Aromin",
        "NAME_1": "Isabela",
        "NAME_2": "Echague",
        "NAME_3": "Aromin",
        "MUNICIPALITY": "Echague",
        "PROVINCE": "Isabela",
        "SOURCE": "PSA/GeoRisk BarangayPopMF ArcGIS boundary layer",
        "SOURCE_URL": "https://ulap-nga.georisk.gov.ph/arcgis/rest/services/PSA/BarangayPopMF/MapServer/0",
        "OSM_CENTER_REFERENCE": "OpenStreetMap/Nominatim Echague town point: 16.7053600, 121.6749455",
        "PSA_BRGY_NAME": "Aromin"
      }
    },
    {
      "type": "Feature",
      "id": 1842,
      "geometry": {
        "type": "Polygon",
        "coordinates": [
          [
            [
              121.73100952200002,
              16.678452536000066
            ],
            [
              121.73052683500009,
              16.678274704000046
            ],
            [
              121.7298663150001,
              16.67832551300006
            ],
            [
              121.72953605500004,
              16.678528750000055
            ],
            [
              121.7297881400001,
              16.67888170200007
            ],
            [
              121.73028113100008,
              16.678797533000022
            ],
            [
              121.73062983200009,
              16.678797533000022
            ],
            [
              121.73083424200001,
              16.67901396800005
            ],
            [
              121.73094246000005,
              16.679278500000066
            ],
            [
              121.73082221800007,
              16.679518983000037
            ],
            [
              121.73052161400005,
              16.679579104000027
            ],
            [
              121.72990838200008,
              16.679518983000037
            ],
            [
              121.72963182600006,
              16.679518983000037
            ],
            [
              121.72966307800004,
              16.679976813000053
            ],
            [
              121.73019657500004,
              16.68038328700004
            ],
            [
              121.73001874200008,
              16.680942188000074
            ],
            [
              121.72968848200003,
              16.681628113000045
            ],
            [
              121.73032359800004,
              16.68175513600005
            ],
            [
              121.73106033200008,
              16.682314037000026
            ],
            [
              121.73039981200009,
              16.68254267900005
            ],
            [
              121.73001874200008,
              16.683126985000058
            ],
            [
              121.73062845300001,
              16.68399074200005
            ],
            [
              121.73139059100004,
              16.684549643000025
            ],
            [
              121.73220353900001,
              16.684879903000024
            ],
            [
              121.7318478740001,
              16.685235568000053
            ],
            [
              121.73139059100004,
              16.685413400000073
            ],
            [
              121.73149221000006,
              16.68597230100005
            ],
            [
              121.7315684240001,
              16.686404180000068
            ],
            [
              121.73108573600007,
              16.686886867000055
            ],
            [
              121.73141599600001,
              16.687369555000032
            ],
            [
              121.73212732500008,
              16.687572792000026
            ],
            [
              121.73248299000011,
              16.687776029000077
            ],
            [
              121.73240677600006,
              16.68820790700005
            ],
            [
              121.73245758500002,
              16.688563572000078
            ],
            [
              121.73205111100003,
              16.688893832000076
            ],
            [
              121.73266082200007,
              16.68907166400004
            ],
            [
              121.73349917400003,
              16.688690595000025
            ],
            [
              121.7332959370001,
              16.689452733000053
            ],
            [
              121.73382943400009,
              16.689351115000022
            ],
            [
              121.73385483900006,
              16.690087849000065
            ],
            [
              121.73469319100002,
              16.690087849000065
            ],
            [
              121.73517587900005,
              16.690164062000065
            ],
            [
              121.73535371100002,
              16.69072296400003
            ],
            [
              121.73530290200006,
              16.691561316000048
            ],
            [
              121.72887553500004,
              16.691993195000066
            ],
            [
              121.71675753500006,
              16.694584465000048
            ],
            [
              121.71665591700003,
              16.693974754000067
            ],
            [
              121.71624944300004,
              16.693796922000047
            ],
            [
              121.71553811400008,
              16.693542876000038
            ],
            [
              121.71515704400008,
              16.693263425000055
            ],
            [
              121.71467435700004,
              16.69288235600004
            ],
            [
              121.71469976100002,
              16.69245047800007
            ],
            [
              121.71485218900011,
              16.692069408000066
            ],
            [
              121.71551270900011,
              16.69212021800007
            ],
            [
              121.71548730400002,
              16.69184076700003
            ],
            [
              121.71523325800001,
              16.691662935000068
            ],
            [
              121.71492840300004,
              16.691358079000054
            ],
            [
              121.71500461700009,
              16.690951605000066
            ],
            [
              121.71543649500006,
              16.690926201000025
            ],
            [
              121.71612242000003,
              16.691104033000045
            ],
            [
              121.71615426400001,
              16.690665488000036
            ],
            [
              121.7159191830001,
              16.690341895000074
            ],
            [
              121.71548730400002,
              16.690240276000054
            ],
            [
              121.71515704400008,
              16.690265681000028
            ],
            [
              121.71485218900011,
              16.690545132000068
            ],
            [
              121.71429328800002,
              16.690570536000052
            ],
            [
              121.71388681400003,
              16.690494322000063
            ],
            [
              121.7139376230001,
              16.68993542100003
            ],
            [
              121.71444571500001,
              16.68914787800003
            ],
            [
              121.71398843200006,
              16.68884302300006
            ],
            [
              121.71340412600011,
              16.689300306000064
            ],
            [
              121.71294684300005,
              16.68942732900007
            ],
            [
              121.71317548500008,
              16.688614381000036
            ],
            [
              121.71226091900007,
              16.68780143400005
            ],
            [
              121.71205768200002,
              16.687572792000026
            ],
            [
              121.71221010900001,
              16.68716631800004
            ],
            [
              121.71203227700005,
              16.68675984400005
            ],
            [
              121.71152418500003,
              16.68660741700006
            ],
            [
              121.71121933000006,
              16.68701389100005
            ],
            [
              121.71116852000011,
              16.687521983000067
            ],
            [
              121.71060961900002,
              16.687496578000037
            ],
            [
              121.71022855000001,
              16.68719172300007
            ],
            [
              121.70997450400012,
              16.686709035000035
            ],
            [
              121.70969505300002,
              16.68632796600002
            ],
            [
              121.7093393880001,
              16.686200943000074
            ],
            [
              121.70936479300008,
              16.68579446900003
            ],
            [
              121.70977126700006,
              16.68579446900003
            ],
            [
              121.71005071700006,
              16.68556582800005
            ],
            [
              121.71015233600008,
              16.68485449900004
            ],
            [
              121.7100353840001,
              16.684456278000027
            ],
            [
              121.71005071700006,
              16.684397216000036
            ],
            [
              121.71063502300001,
              16.684092360000022
            ],
            [
              121.71040638200009,
              16.68373669600004
            ],
            [
              121.71007612200003,
              16.68348264900004
            ],
            [
              121.710101527,
              16.682847534000075
            ],
            [
              121.71025395400011,
              16.68236484700003
            ],
            [
              121.71025395400011,
              16.681958373000043
            ],
            [
              121.71002531300007,
              16.68132325700003
            ],
            [
              121.70984748100011,
              16.680916784000033
            ],
            [
              121.70931398400012,
              16.680535715000076
            ],
            [
              121.70936479300008,
              16.680002218000027
            ],
            [
              121.70961883900009,
              16.67967195800003
            ],
            [
              121.70928857900003,
              16.67936710200007
            ],
            [
              121.70878048700001,
              16.678859010000053
            ],
            [
              121.70865346400001,
              16.678173086000072
            ],
            [
              121.70885670100006,
              16.677741207000054
            ],
            [
              121.70857725000008,
              16.677487161000045
            ],
            [
              121.70806915800006,
              16.677487161000045
            ],
            [
              121.70766268400007,
              16.677487161000045
            ],
            [
              121.70756106500005,
              16.67720771000006
            ],
            [
              121.70705297300003,
              16.67713149700006
            ],
            [
              121.70674811800006,
              16.676801237000063
            ],
            [
              121.70634164400008,
              16.676089907000062
            ],
            [
              121.70596057500006,
              16.675607220000074
            ],
            [
              121.70560491000003,
              16.675175341000056
            ],
            [
              121.70532546000004,
              16.674641845000053
            ],
            [
              121.70491898600005,
              16.674387798000055
            ],
            [
              121.70491898600005,
              16.67400672900004
            ],
            [
              121.70502060400008,
              16.673422423000034
            ],
            [
              121.70474115400009,
              16.67332080500006
            ],
            [
              121.70469034400003,
              16.67296514000003
            ],
            [
              121.70481736700003,
              16.672558666000043
            ],
            [
              121.7049952000001,
              16.67217759700003
            ],
            [
              121.70524924600011,
              16.67184733700003
            ],
            [
              121.7055286960001,
              16.671542482000064
            ],
            [
              121.70613840700003,
              16.671110603000045
            ],
            [
              121.70636704900005,
              16.67055170200007
            ],
            [
              121.70651947600004,
              16.66986577700004
            ],
            [
              121.70639245300003,
              16.669052830000055
            ],
            [
              121.70649407200005,
              16.66796043200003
            ],
            [
              121.707865921,
              16.667655576000072
            ],
            [
              121.70913615100005,
              16.667680981000046
            ],
            [
              121.710101527,
              16.667249102000028
            ],
            [
              121.71076204700012,
              16.667071270000065
            ],
            [
              121.71109230600007,
              16.666741010000067
            ],
            [
              121.71137175700005,
              16.666105895000044
            ],
            [
              121.71195606300012,
              16.666105895000044
            ],
            [
              121.71264198800009,
              16.666334536000022
            ],
            [
              121.71360736300005,
              16.666715606000025
            ],
            [
              121.71421707400009,
              16.66686803300007
            ],
            [
              121.71505542600005,
              16.666359941000053
            ],
            [
              121.71556351800007,
              16.666131300000075
            ],
            [
              121.71693536700002,
              16.666563178000047
            ],
            [
              121.71805317000008,
              16.66694424700006
            ],
            [
              121.71858666700007,
              16.667172889000028
            ],
            [
              121.71988230200009,
              16.667503149000026
            ],
            [
              121.7209238910001,
              16.66806205000006
            ],
            [
              121.7215844110001,
              16.668722570000057
            ],
            [
              121.72229574000005,
              16.668951211000035
            ],
            [
              121.72290545100009,
              16.66910363900007
            ],
            [
              121.72354056600011,
              16.66925606700005
            ],
            [
              121.72397244500007,
              16.670348465000075
            ],
            [
              121.72445513200012,
              16.671136008000076
            ],
            [
              121.73212732500008,
              16.673015949000046
            ],
            [
              121.7322289440001,
              16.673955920000026
            ],
            [
              121.73304189100008,
              16.673905111000067
            ],
            [
              121.73372781600006,
              16.673828897000078
            ],
            [
              121.73360079300005,
              16.67433698900004
            ],
            [
              121.7332959370001,
              16.674794272000042
            ],
            [
              121.73278784500008,
              16.674743463000027
            ],
            [
              121.7323559670001,
              16.67469265400007
            ],
            [
              121.73245758500002,
              16.675175341000056
            ],
            [
              121.73212732500008,
              16.675505601000054
            ],
            [
              121.7318478740001,
              16.675912075000042
            ],
            [
              121.73202570700005,
              16.676293144000056
            ],
            [
              121.73161923300006,
              16.676648809000028
            ],
            [
              121.73126356800003,
              16.676852046000022
            ],
            [
              121.73060304800003,
              16.676877450000063
            ],
            [
              121.73042521600007,
              16.677156901000046
            ],
            [
              121.73093330800009,
              16.67753797000006
            ],
            [
              121.73121275900007,
              16.677944444000047
            ],
            [
              121.73121275900007,
              16.678249299000072
            ],
            [
              121.73100952200002,
              16.678452536000066
            ]
          ]
        ]
      },
      "properties": {
        "objectid": 1842,
        "gthcode": "8010231120050000",
        "reg_name": "Region II (Cagayan Valley)",
        "prov_name": "Isabela",
        "city_name": "Echague",
        "brgy_name": "Babaran",
        "reg_code": "020000000",
        "prov_code": "023100000",
        "city_code": "023112000",
        "brgy_code": "023112005",
        "psgc_10d": "0203112005",
        "geographic_level": "Bgy",
        "old_names": "",
        "class": "Municipality",
        "income_class": "",
        "urban_rural2015": "R",
        "bgypop2015": 1391,
        "bgypop2020": 1617,
        "bgyarea_sqkm": 6.417543920000001,
        "gida": "No",
        "gida_yr": null,
        "name": "Babaran",
        "Barangay": "Babaran",
        "BRGY_NAME": "Babaran",
        "NAME_1": "Isabela",
        "NAME_2": "Echague",
        "NAME_3": "Babaran",
        "MUNICIPALITY": "Echague",
        "PROVINCE": "Isabela",
        "SOURCE": "PSA/GeoRisk BarangayPopMF ArcGIS boundary layer",
        "SOURCE_URL": "https://ulap-nga.georisk.gov.ph/arcgis/rest/services/PSA/BarangayPopMF/MapServer/0",
        "OSM_CENTER_REFERENCE": "OpenStreetMap/Nominatim Echague town point: 16.7053600, 121.6749455",
        "PSA_BRGY_NAME": "Babaran"
      }
    },
    {
      "type": "Feature",
      "id": 1982,
      "geometry": {
        "type": "Polygon",
        "coordinates": [
          [
            [
              121.70430596200003,
              16.621586407000052
            ],
            [
              121.70248097300009,
              16.625346172000036
            ],
            [
              121.69936000700011,
              16.627234163000026
            ],
            [
              121.697472016,
              16.629237746000058
            ],
            [
              121.69681699800003,
              16.630123946000026
            ],
            [
              121.69646096000008,
              16.63089807500006
            ],
            [
              121.69593079800006,
              16.631780755000023
            ],
            [
              121.69562255400001,
              16.633861399000068
            ],
            [
              121.69569961500008,
              16.634747599000036
            ],
            [
              121.69577667600004,
              16.635325556000055
            ],
            [
              121.6956610850001,
              16.636404408000033
            ],
            [
              121.69519871900002,
              16.637097956000048
            ],
            [
              121.69512165900005,
              16.63809974800006
            ],
            [
              121.69573814600005,
              16.638446522000038
            ],
            [
              121.69550696300007,
              16.639178600000037
            ],
            [
              121.69519871900002,
              16.639486844000032
            ],
            [
              121.69454370200003,
              16.640103331000034
            ],
            [
              121.6944281110001,
              16.64041157400004
            ],
            [
              121.68522475800012,
              16.63646855500002
            ],
            [
              121.67747842300003,
              16.628769976000058
            ],
            [
              121.6774670850001,
              16.628758708000078
            ],
            [
              121.67854246600007,
              16.62562218000005
            ],
            [
              121.67916977200002,
              16.62118623400005
            ],
            [
              121.67984188500009,
              16.619617970000036
            ],
            [
              121.6807757570001,
              16.619456064000076
            ],
            [
              121.68333687300003,
              16.619259509000074
            ],
            [
              121.68481552200001,
              16.618452974000036
            ],
            [
              121.68674224600011,
              16.616257404000066
            ],
            [
              121.69675718400003,
              16.62053022300006
            ],
            [
              121.70430596200003,
              16.621586407000052
            ]
          ]
        ]
      },
      "properties": {
        "objectid": 1982,
        "gthcode": "8010231120060000",
        "reg_name": "Region II (Cagayan Valley)",
        "prov_name": "Isabela",
        "city_name": "Echague",
        "brgy_name": "Bacradal",
        "reg_code": "020000000",
        "prov_code": "023100000",
        "city_code": "023112000",
        "brgy_code": "023112006",
        "psgc_10d": "0203112006",
        "geographic_level": "Bgy",
        "old_names": "",
        "class": "Municipality",
        "income_class": "",
        "urban_rural2015": "R",
        "bgypop2015": 397,
        "bgypop2020": 465,
        "bgyarea_sqkm": 4.23841317,
        "gida": "No",
        "gida_yr": null,
        "name": "Bacradal",
        "Barangay": "Bacradal",
        "BRGY_NAME": "Bacradal",
        "NAME_1": "Isabela",
        "NAME_2": "Echague",
        "NAME_3": "Bacradal",
        "MUNICIPALITY": "Echague",
        "PROVINCE": "Isabela",
        "SOURCE": "PSA/GeoRisk BarangayPopMF ArcGIS boundary layer",
        "SOURCE_URL": "https://ulap-nga.georisk.gov.ph/arcgis/rest/services/PSA/BarangayPopMF/MapServer/0",
        "OSM_CENTER_REFERENCE": "OpenStreetMap/Nominatim Echague town point: 16.7053600, 121.6749455",
        "PSA_BRGY_NAME": "Bacradal"
      }
    },
    {
      "type": "Feature",
      "id": 7090,
      "geometry": {
        "type": "Polygon",
        "coordinates": [
          [
            [
              121.88884452100001,
              16.608760274000076
            ],
            [
              121.90074664400004,
              16.626534108000044
            ],
            [
              121.90124965600012,
              16.628250000000037
            ],
            [
              121.90155470100001,
              16.63430562900004
            ],
            [
              121.90242314700004,
              16.638624119000042
            ],
            [
              121.90198137000004,
              16.64210219100005
            ],
            [
              121.9018858930001,
              16.645406944000058
            ],
            [
              121.8923496430001,
              16.658838282000033
            ],
            [
              121.88718614400011,
              16.655071822000025
            ],
            [
              121.87818218500001,
              16.652694015000066
            ],
            [
              121.86928459100011,
              16.653209977000074
            ],
            [
              121.8672146670001,
              16.650357470000074
            ],
            [
              121.86566050600004,
              16.646644207000065
            ],
            [
              121.86500375800006,
              16.645216821000076
            ],
            [
              121.86456291500008,
              16.64438284700003
            ],
            [
              121.86104856600002,
              16.642659930000036
            ],
            [
              121.85861645700004,
              16.64065759700003
            ],
            [
              121.85836636500005,
              16.63848261800007
            ],
            [
              121.85617556000011,
              16.63740248000005
            ],
            [
              121.85106329900009,
              16.626573230000076
            ],
            [
              121.84627744800002,
              16.618961096000078
            ],
            [
              121.85754412000006,
              16.61549412100004
            ],
            [
              121.86942906700006,
              16.612048189000063
            ],
            [
              121.88166564000005,
              16.610290061000057
            ],
            [
              121.88654052200002,
              16.608585300000072
            ],
            [
              121.88884452100001,
              16.608760274000076
            ]
          ]
        ]
      },
      "properties": {
        "objectid": 7090,
        "gthcode": "8010231120070000",
        "reg_name": "Region II (Cagayan Valley)",
        "prov_name": "Isabela",
        "city_name": "Echague",
        "brgy_name": "Benguet",
        "reg_code": "020000000",
        "prov_code": "023100000",
        "city_code": "023112000",
        "brgy_code": "023112007",
        "psgc_10d": "0203112007",
        "geographic_level": "Bgy",
        "old_names": "",
        "class": "Municipality",
        "income_class": "",
        "urban_rural2015": "R",
        "bgypop2015": 486,
        "bgypop2020": 493,
        "bgyarea_sqkm": 21.208529900000002,
        "gida": "Yes",
        "gida_yr": "2023",
        "name": "Benguet",
        "Barangay": "Benguet",
        "BRGY_NAME": "Benguet",
        "NAME_1": "Isabela",
        "NAME_2": "Echague",
        "NAME_3": "Benguet",
        "MUNICIPALITY": "Echague",
        "PROVINCE": "Isabela",
        "SOURCE": "PSA/GeoRisk BarangayPopMF ArcGIS boundary layer",
        "SOURCE_URL": "https://ulap-nga.georisk.gov.ph/arcgis/rest/services/PSA/BarangayPopMF/MapServer/0",
        "OSM_CENTER_REFERENCE": "OpenStreetMap/Nominatim Echague town point: 16.7053600, 121.6749455",
        "PSA_BRGY_NAME": "Benguet"
      }
    },
    {
      "type": "Feature",
      "id": 9085,
      "geometry": {
        "type": "Polygon",
        "coordinates": [
          [
            [
              121.65360851500009,
              16.71817025300004
            ],
            [
              121.65184580800008,
              16.717284713000026
            ],
            [
              121.64231654500009,
              16.72109815400006
            ],
            [
              121.64122149800005,
              16.721435994000046
            ],
            [
              121.6407226770001,
              16.720727143000033
            ],
            [
              121.64009258700003,
              16.720412098000054
            ],
            [
              121.64001382600009,
              16.719729501000074
            ],
            [
              121.64030261700009,
              16.71891563500003
            ],
            [
              121.64067016900003,
              16.718443068000056
            ],
            [
              121.64143152800011,
              16.717891739000038
            ],
            [
              121.64216663200011,
              16.717287903000056
            ],
            [
              121.64224539400004,
              16.716631560000053
            ],
            [
              121.64216663200011,
              16.715476395000053
            ],
            [
              121.642297901,
              16.714163708000058
            ],
            [
              121.64253418500004,
              16.712798513000052
            ],
            [
              121.64284923000002,
              16.71208966200004
            ],
            [
              121.64326929000003,
              16.711485826000057
            ],
            [
              121.64387312600002,
              16.711328304000062
            ],
            [
              121.6440569020001,
              16.710514438000075
            ],
            [
              121.64389937900012,
              16.709543049000047
            ],
            [
              121.64311176700005,
              16.708335377000026
            ],
            [
              121.642297901,
              16.70720646600006
            ],
            [
              121.64082769200002,
              16.706996436000054
            ],
            [
              121.63900544500007,
              16.707528000000025
            ],
            [
              121.64173254900004,
              16.70324603100005
            ],
            [
              121.64484451400006,
              16.698332702000073
            ],
            [
              121.64650302500002,
              16.698758523000038
            ],
            [
              121.64924678600005,
              16.69877474200007
            ],
            [
              121.65053337300003,
              16.698964440000054
            ],
            [
              121.65765219700006,
              16.702040526000076
            ],
            [
              121.65914187600004,
              16.703215484000054
            ],
            [
              121.65975033600012,
              16.705061847000024
            ],
            [
              121.6599811320001,
              16.706845266000073
            ],
            [
              121.66245693700012,
              16.708313963000023
            ],
            [
              121.65382613700001,
              16.715333507000025
            ],
            [
              121.65370964700003,
              16.716207182000062
            ],
            [
              121.65360851500009,
              16.71817025300004
            ]
          ]
        ]
      },
      "properties": {
        "objectid": 9085,
        "gthcode": "8010231120080000",
        "reg_name": "Region II (Cagayan Valley)",
        "prov_name": "Isabela",
        "city_name": "Echague",
        "brgy_name": "Buneg",
        "reg_code": "020000000",
        "prov_code": "023100000",
        "city_code": "023112000",
        "brgy_code": "023112008",
        "psgc_10d": "0203112008",
        "geographic_level": "Bgy",
        "old_names": "",
        "class": "Municipality",
        "income_class": "",
        "urban_rural2015": "R",
        "bgypop2015": 1304,
        "bgypop2020": 1389,
        "bgyarea_sqkm": 3.59375481,
        "gida": "No",
        "gida_yr": null,
        "name": "Buneg",
        "Barangay": "Buneg",
        "BRGY_NAME": "Buneg",
        "NAME_1": "Isabela",
        "NAME_2": "Echague",
        "NAME_3": "Buneg",
        "MUNICIPALITY": "Echague",
        "PROVINCE": "Isabela",
        "SOURCE": "PSA/GeoRisk BarangayPopMF ArcGIS boundary layer",
        "SOURCE_URL": "https://ulap-nga.georisk.gov.ph/arcgis/rest/services/PSA/BarangayPopMF/MapServer/0",
        "OSM_CENTER_REFERENCE": "OpenStreetMap/Nominatim Echague town point: 16.7053600, 121.6749455",
        "PSA_BRGY_NAME": "Buneg"
      }
    },
    {
      "type": "Feature",
      "id": 9352,
      "geometry": {
        "type": "Polygon",
        "coordinates": [
          [
            [
              121.69733202200007,
              16.69268943700007
            ],
            [
              121.69680952700003,
              16.693131471000072
            ],
            [
              121.6961454740001,
              16.69347444300007
            ],
            [
              121.69497061200002,
              16.69356201100004
            ],
            [
              121.69427737000001,
              16.693963361000044
            ],
            [
              121.69313899400004,
              16.693992550000075
            ],
            [
              121.69341629000007,
              16.695554169000047
            ],
            [
              121.69231232400011,
              16.696311310000056
            ],
            [
              121.68605189300001,
              16.69661931400003
            ],
            [
              121.6826893550001,
              16.696783468000035
            ],
            [
              121.6811250180001,
              16.69683463800004
            ],
            [
              121.68162702500001,
              16.69383616700003
            ],
            [
              121.68362927800001,
              16.689374792000024
            ],
            [
              121.68384200800006,
              16.68672387600003
            ],
            [
              121.6840628760001,
              16.68405582200006
            ],
            [
              121.6848214050001,
              16.682458918000066
            ],
            [
              121.6878992180001,
              16.673062497000046
            ],
            [
              121.6856427890001,
              16.670318192000025
            ],
            [
              121.69296809000002,
              16.665204196000047
            ],
            [
              121.69646194300003,
              16.660059037000053
            ],
            [
              121.70017616100006,
              16.657181826000055
            ],
            [
              121.70242561700002,
              16.654304615000058
            ],
            [
              121.70880779400011,
              16.65378148600007
            ],
            [
              121.713359018,
              16.65399073800006
            ],
            [
              121.71360736300005,
              16.666715606000025
            ],
            [
              121.71264198800009,
              16.666334536000022
            ],
            [
              121.71195606300012,
              16.666105895000044
            ],
            [
              121.71137175700005,
              16.666105895000044
            ],
            [
              121.71109230600007,
              16.666741010000067
            ],
            [
              121.71076204700012,
              16.667071270000065
            ],
            [
              121.710101527,
              16.667249102000028
            ],
            [
              121.70913615100005,
              16.667680981000046
            ],
            [
              121.707865921,
              16.667655576000072
            ],
            [
              121.70649407200005,
              16.66796043200003
            ],
            [
              121.70639245300003,
              16.669052830000055
            ],
            [
              121.70651947600004,
              16.66986577700004
            ],
            [
              121.70636704900005,
              16.67055170200007
            ],
            [
              121.70613840700003,
              16.671110603000045
            ],
            [
              121.7055286960001,
              16.671542482000064
            ],
            [
              121.70524924600011,
              16.67184733700003
            ],
            [
              121.7049952000001,
              16.67217759700003
            ],
            [
              121.70481736700003,
              16.672558666000043
            ],
            [
              121.70469034400003,
              16.67296514000003
            ],
            [
              121.70474115400009,
              16.67332080500006
            ],
            [
              121.70502060400008,
              16.673422423000034
            ],
            [
              121.70491898600005,
              16.67400672900004
            ],
            [
              121.70491898600005,
              16.674387798000055
            ],
            [
              121.70532546000004,
              16.674641845000053
            ],
            [
              121.70560491000003,
              16.675175341000056
            ],
            [
              121.70596057500006,
              16.675607220000074
            ],
            [
              121.70634164400008,
              16.676089907000062
            ],
            [
              121.70674811800006,
              16.676801237000063
            ],
            [
              121.70705297300003,
              16.67713149700006
            ],
            [
              121.70756106500005,
              16.67720771000006
            ],
            [
              121.70766268400007,
              16.677487161000045
            ],
            [
              121.70806915800006,
              16.677487161000045
            ],
            [
              121.70857725000008,
              16.677487161000045
            ],
            [
              121.70885670100006,
              16.677741207000054
            ],
            [
              121.70865346400001,
              16.678173086000072
            ],
            [
              121.70493663700006,
              16.678839378000077
            ],
            [
              121.70179786200003,
              16.678891691000047
            ],
            [
              121.69780001800007,
              16.681443364000074
            ],
            [
              121.69748802100003,
              16.682024813000055
            ],
            [
              121.69734620400004,
              16.682521172000065
            ],
            [
              121.69754474800004,
              16.682974986000033
            ],
            [
              121.69828219500005,
              16.683783342000027
            ],
            [
              121.69856582900002,
              16.684620061000032
            ],
            [
              121.69867928200006,
              16.68557023300002
            ],
            [
              121.69858001000011,
              16.68588223000006
            ],
            [
              121.69823965000012,
              16.68637858900007
            ],
            [
              121.69867928200006,
              16.686676404000025
            ],
            [
              121.6989912790001,
              16.686974220000025
            ],
            [
              121.69889200700004,
              16.687754212000073
            ],
            [
              121.69875019000006,
              16.688293116000068
            ],
            [
              121.69823965000012,
              16.688647658000036
            ],
            [
              121.69821128700005,
              16.688846201000047
            ],
            [
              121.69938836600011,
              16.688945473000047
            ],
            [
              121.69954436500007,
              16.68956946700007
            ],
            [
              121.69914727800005,
              16.690165098000023
            ],
            [
              121.69884946200011,
              16.690363641000033
            ],
            [
              121.69833892200006,
              16.690292733000035
            ],
            [
              121.69802692500002,
              16.690519640000048
            ],
            [
              121.69787092600006,
              16.691242905000024
            ],
            [
              121.69801274300005,
              16.691569084000037
            ],
            [
              121.69829637700002,
              16.691866899000047
            ],
            [
              121.69829637700002,
              16.692249805000074
            ],
            [
              121.69795601600003,
              16.692221441000072
            ],
            [
              121.69745965800007,
              16.692334895000045
            ],
            [
              121.69733202200007,
              16.69268943700007
            ]
          ]
        ]
      },
      "properties": {
        "objectid": 9352,
        "gthcode": "8010231120090000",
        "reg_name": "Region II (Cagayan Valley)",
        "prov_name": "Isabela",
        "city_name": "Echague",
        "brgy_name": "Busilelao",
        "reg_code": "020000000",
        "prov_code": "023100000",
        "city_code": "023112000",
        "brgy_code": "023112009",
        "psgc_10d": "0203112009",
        "geographic_level": "Bgy",
        "old_names": "",
        "class": "Municipality",
        "income_class": "",
        "urban_rural2015": "R",
        "bgypop2015": 1030,
        "bgypop2020": 1115,
        "bgyarea_sqkm": 8.1856588,
        "gida": "Yes",
        "gida_yr": "2023",
        "name": "Busilelao",
        "Barangay": "Busilelao",
        "BRGY_NAME": "Busilelao",
        "NAME_1": "Isabela",
        "NAME_2": "Echague",
        "NAME_3": "Busilelao",
        "MUNICIPALITY": "Echague",
        "PROVINCE": "Isabela",
        "SOURCE": "PSA/GeoRisk BarangayPopMF ArcGIS boundary layer",
        "SOURCE_URL": "https://ulap-nga.georisk.gov.ph/arcgis/rest/services/PSA/BarangayPopMF/MapServer/0",
        "OSM_CENTER_REFERENCE": "OpenStreetMap/Nominatim Echague town point: 16.7053600, 121.6749455",
        "PSA_BRGY_NAME": "Busilelao"
      }
    },
    {
      "type": "Feature",
      "id": 9954,
      "geometry": {
        "type": "Polygon",
        "coordinates": [
          [
            [
              121.67595103700012,
              16.70599482600005
            ],
            [
              121.6754117910001,
              16.70691068900004
            ],
            [
              121.67375125400008,
              16.710026336000055
            ],
            [
              121.67345167200006,
              16.710539905000076
            ],
            [
              121.67330616100003,
              16.710642618000065
            ],
            [
              121.67232182200007,
              16.71100211600003
            ],
            [
              121.66987015900008,
              16.708898865000037
            ],
            [
              121.66773394600011,
              16.706944927000052
            ],
            [
              121.66707249500007,
              16.706373814000074
            ],
            [
              121.67095276300006,
              16.702200418000075
            ],
            [
              121.67191519100004,
              16.702681632000065
            ],
            [
              121.67282100500006,
              16.703181717000064
            ],
            [
              121.67374569100002,
              16.703691238000033
            ],
            [
              121.67465150600003,
              16.704191323000032
            ],
            [
              121.67554788500001,
              16.70466310100005
            ],
            [
              121.6764065210001,
              16.70513488000006
            ],
            [
              121.67595103700012,
              16.70599482600005
            ]
          ]
        ]
      },
      "properties": {
        "objectid": 9954,
        "gthcode": "8010231120660000",
        "reg_name": "Region II (Cagayan Valley)",
        "prov_name": "Isabela",
        "city_name": "Echague",
        "brgy_name": "Cabugao (Pob.)",
        "reg_code": "020000000",
        "prov_code": "023100000",
        "city_code": "023112000",
        "brgy_code": "023112066",
        "psgc_10d": "0203112066",
        "geographic_level": "Bgy",
        "old_names": "",
        "class": "Municipality",
        "income_class": "",
        "urban_rural2015": "R",
        "bgypop2015": 1752,
        "bgypop2020": 1847,
        "bgyarea_sqkm": 0.5253504,
        "gida": "No",
        "gida_yr": null,
        "name": "Cabugao (Poblacion)",
        "Barangay": "Cabugao (Poblacion)",
        "BRGY_NAME": "Cabugao (Poblacion)",
        "NAME_1": "Isabela",
        "NAME_2": "Echague",
        "NAME_3": "Cabugao (Poblacion)",
        "MUNICIPALITY": "Echague",
        "PROVINCE": "Isabela",
        "SOURCE": "PSA/GeoRisk BarangayPopMF ArcGIS boundary layer",
        "SOURCE_URL": "https://ulap-nga.georisk.gov.ph/arcgis/rest/services/PSA/BarangayPopMF/MapServer/0",
        "OSM_CENTER_REFERENCE": "OpenStreetMap/Nominatim Echague town point: 16.7053600, 121.6749455",
        "PSA_BRGY_NAME": "Cabugao (Pob.)"
      }
    },
    {
      "type": "Feature",
      "id": 11583,
      "geometry": {
        "type": "Polygon",
        "coordinates": [
          [
            [
              121.75077073300008,
              16.676344163000067
            ],
            [
              121.74453637800002,
              16.678207060000034
            ],
            [
              121.74235699000008,
              16.678048559000047
            ],
            [
              121.73934547300007,
              16.677691932000073
            ],
            [
              121.73791896500006,
              16.678959939000038
            ],
            [
              121.73494707300006,
              16.678920314000038
            ],
            [
              121.73100952200002,
              16.678452536000066
            ],
            [
              121.73121275900007,
              16.678249299000072
            ],
            [
              121.73121275900007,
              16.677944444000047
            ],
            [
              121.73093330800009,
              16.67753797000006
            ],
            [
              121.73042521600007,
              16.677156901000046
            ],
            [
              121.73060304800003,
              16.676877450000063
            ],
            [
              121.73126356800003,
              16.676852046000022
            ],
            [
              121.73161923300006,
              16.676648809000028
            ],
            [
              121.73202570700005,
              16.676293144000056
            ],
            [
              121.7318478740001,
              16.675912075000042
            ],
            [
              121.73212732500008,
              16.675505601000054
            ],
            [
              121.73245758500002,
              16.675175341000056
            ],
            [
              121.7323559670001,
              16.67469265400007
            ],
            [
              121.73278784500008,
              16.674743463000027
            ],
            [
              121.7332959370001,
              16.674794272000042
            ],
            [
              121.73360079300005,
              16.67433698900004
            ],
            [
              121.73372781600006,
              16.673828897000078
            ],
            [
              121.73304189100008,
              16.673905111000067
            ],
            [
              121.7322289440001,
              16.673955920000026
            ],
            [
              121.73212732500008,
              16.673015949000046
            ],
            [
              121.72445513200012,
              16.671136008000076
            ],
            [
              121.72397244500007,
              16.670348465000075
            ],
            [
              121.72354056600011,
              16.66925606700005
            ],
            [
              121.72290545100009,
              16.66910363900007
            ],
            [
              121.72229574000005,
              16.668951211000035
            ],
            [
              121.7215844110001,
              16.668722570000057
            ],
            [
              121.7209238910001,
              16.66806205000006
            ],
            [
              121.71988230200009,
              16.667503149000026
            ],
            [
              121.71858666700007,
              16.667172889000028
            ],
            [
              121.71805317000008,
              16.66694424700006
            ],
            [
              121.71693536700002,
              16.666563178000047
            ],
            [
              121.71556351800007,
              16.666131300000075
            ],
            [
              121.71505542600005,
              16.666359941000053
            ],
            [
              121.71421707400009,
              16.66686803300007
            ],
            [
              121.71360736300005,
              16.666715606000025
            ],
            [
              121.713359018,
              16.65399073800006
            ],
            [
              121.71754405200011,
              16.65231672400006
            ],
            [
              121.71938243800003,
              16.65139984900003
            ],
            [
              121.71878007100008,
              16.650646891000065
            ],
            [
              121.71885536700006,
              16.650315590000048
            ],
            [
              121.71912643200005,
              16.649924052000074
            ],
            [
              121.71927702300002,
              16.649291568000024
            ],
            [
              121.7184337110001,
              16.64793624400005
            ],
            [
              121.71835841500001,
              16.64682186700003
            ],
            [
              121.71816264600011,
              16.646068909000064
            ],
            [
              121.71771087200011,
              16.645571957000072
            ],
            [
              121.71756028000004,
              16.645255715000076
            ],
            [
              121.72728906000009,
              16.639108260000057
            ],
            [
              121.72763921900003,
              16.63935837300005
            ],
            [
              121.72800188400004,
              16.63952094700005
            ],
            [
              121.72828951400004,
              16.639633498000023
            ],
            [
              121.72862716700001,
              16.639270834000058
            ],
            [
              121.7294525420001,
              16.639245822000078
            ],
            [
              121.72933999100007,
              16.638908169000047
            ],
            [
              121.72935249600005,
              16.638733090000073
            ],
            [
              121.72969014900002,
              16.638845641000046
            ],
            [
              121.72999028600009,
              16.638858146000075
            ],
            [
              121.73000279100006,
              16.638482976000034
            ],
            [
              121.73010283700012,
              16.638357920000033
            ],
            [
              121.73025290500004,
              16.638470471000062
            ],
            [
              121.73027791600009,
              16.638845641000046
            ],
            [
              121.73037796100004,
              16.63925832800004
            ],
            [
              121.73061556900007,
              16.63928333900003
            ],
            [
              121.73075313200002,
              16.638995709000028
            ],
            [
              121.73094071700007,
              16.638745595000046
            ],
            [
              121.73127837000004,
              16.638645550000035
            ],
            [
              121.73152848300003,
              16.638457965000043
            ],
            [
              121.73164103400006,
              16.638057783000022
            ],
            [
              121.73170356300011,
              16.637620085000037
            ],
            [
              121.73164103400006,
              16.637269926000045
            ],
            [
              121.73111579600004,
              16.637132364000024
            ],
            [
              121.73066559200004,
              16.63705733000006
            ],
            [
              121.7306405810001,
              16.63674468800002
            ],
            [
              121.73070310900005,
              16.636507080000058
            ],
            [
              121.73065308600007,
              16.636319495000066
            ],
            [
              121.730390467,
              16.636269472000038
            ],
            [
              121.7303154330001,
              16.636019359000045
            ],
            [
              121.730390467,
              16.63554414300006
            ],
            [
              121.73020288200007,
              16.635106445000076
            ],
            [
              121.72984021800005,
              16.634943871000075
            ],
            [
              121.72964012700004,
              16.634743780000065
            ],
            [
              121.72975267800007,
              16.634518678000063
            ],
            [
              121.72994026300012,
              16.634468656000024
            ],
            [
              121.73019037600011,
              16.634318588000042
            ],
            [
              121.73040297300008,
              16.63409348600004
            ],
            [
              121.73044049000009,
              16.633693304000076
            ],
            [
              121.73049051200007,
              16.633393168000055
            ],
            [
              121.73071561500001,
              16.63318057200007
            ],
            [
              121.73102732000007,
              16.633439199000065
            ],
            [
              121.73139092100007,
              16.633143055000062
            ],
            [
              121.73174108,
              16.633293123000044
            ],
            [
              121.73197112800005,
              16.633247315000062
            ],
            [
              121.73256025800003,
              16.633431418000043
            ],
            [
              121.73256946300012,
              16.63385485500004
            ],
            [
              121.73324143900004,
              16.63385485500004
            ],
            [
              121.73361693000004,
              16.63390590000006
            ],
            [
              121.73419219100003,
              16.633580753000047
            ],
            [
              121.73467991200005,
              16.63308052600007
            ],
            [
              121.73504257700006,
              16.63301799800007
            ],
            [
              121.73534271300002,
              16.633205583000063
            ],
            [
              121.73545526400005,
              16.63396842900005
            ],
            [
              121.73613057000011,
              16.633480708000036
            ],
            [
              121.73668082000006,
              16.633430685000064
            ],
            [
              121.73679337100009,
              16.633205583000063
            ],
            [
              121.73623061600006,
              16.633205583000063
            ],
            [
              121.73616808700001,
              16.632992986000033
            ],
            [
              121.73628063800004,
              16.63274287300004
            ],
            [
              121.73664330300005,
              16.632667839000078
            ],
            [
              121.73685589900003,
              16.632830413000022
            ],
            [
              121.73703097900011,
              16.63261781600005
            ],
            [
              121.73646822400008,
              16.63248025400003
            ],
            [
              121.73639318900007,
              16.632180118000065
            ],
            [
              121.73626813300007,
              16.631955016000063
            ],
            [
              121.73619309900005,
              16.631654880000042
            ],
            [
              121.73663079700009,
              16.631717408000043
            ],
            [
              121.73700596700007,
              16.632055061000074
            ],
            [
              121.7372435750001,
              16.631804948000024
            ],
            [
              121.74202753600002,
              16.63244860800006
            ],
            [
              121.74460936900005,
              16.632582462000073
            ],
            [
              121.74790740800006,
              16.63271110200003
            ],
            [
              121.75310479500001,
              16.63491605400003
            ],
            [
              121.75425977000009,
              16.638170983000066
            ],
            [
              121.75620934100004,
              16.641059487000064
            ],
            [
              121.76344029800009,
              16.645547462000025
            ],
            [
              121.75857176700003,
              16.65616245600006
            ],
            [
              121.7553792870001,
              16.661270424000065
            ],
            [
              121.7559379710001,
              16.664622527000063
            ],
            [
              121.75282530400011,
              16.665819707000026
            ],
            [
              121.75123480600007,
              16.669043815000066
            ],
            [
              121.75077073300008,
              16.676344163000067
            ]
          ]
        ]
      },
      "properties": {
        "objectid": 11583,
        "gthcode": "8010231120100000",
        "reg_name": "Region II (Cagayan Valley)",
        "prov_name": "Isabela",
        "city_name": "Echague",
        "brgy_name": "Caniguing",
        "reg_code": "020000000",
        "prov_code": "023100000",
        "city_code": "023112000",
        "brgy_code": "023112010",
        "psgc_10d": "0203112010",
        "geographic_level": "Bgy",
        "old_names": "",
        "class": "Municipality",
        "income_class": "",
        "urban_rural2015": "R",
        "bgypop2015": 725,
        "bgypop2020": 762,
        "bgyarea_sqkm": 18.36448198,
        "gida": "No",
        "gida_yr": null,
        "name": "Caniguing",
        "Barangay": "Caniguing",
        "BRGY_NAME": "Caniguing",
        "NAME_1": "Isabela",
        "NAME_2": "Echague",
        "NAME_3": "Caniguing",
        "MUNICIPALITY": "Echague",
        "PROVINCE": "Isabela",
        "SOURCE": "PSA/GeoRisk BarangayPopMF ArcGIS boundary layer",
        "SOURCE_URL": "https://ulap-nga.georisk.gov.ph/arcgis/rest/services/PSA/BarangayPopMF/MapServer/0",
        "OSM_CENTER_REFERENCE": "OpenStreetMap/Nominatim Echague town point: 16.7053600, 121.6749455",
        "PSA_BRGY_NAME": "Caniguing"
      }
    },
    {
      "type": "Feature",
      "id": 12161,
      "geometry": {
        "type": "Polygon",
        "coordinates": [
          [
            [
              121.71663447500009,
              16.718747778000022
            ],
            [
              121.71586500800004,
              16.720002435000026
            ],
            [
              121.71346598700006,
              16.723924977000024
            ],
            [
              121.71085977900009,
              16.726336692000075
            ],
            [
              121.70817577300011,
              16.725208632000033
            ],
            [
              121.7075533950001,
              16.723769382000057
            ],
            [
              121.70634753700006,
              16.722485728000038
            ],
            [
              121.70515024000008,
              16.72167999100003
            ],
            [
              121.70466991100011,
              16.71955203300007
            ],
            [
              121.70397388100002,
              16.717274117000045
            ],
            [
              121.70334112700004,
              16.71651481200007
            ],
            [
              121.7013503820001,
              16.716272282000034
            ],
            [
              121.70228888100007,
              16.71472873500005
            ],
            [
              121.70251863600004,
              16.714344933000064
            ],
            [
              121.70298483700003,
              16.712097424000035
            ],
            [
              121.70327187200007,
              16.71194951500007
            ],
            [
              121.70786407100002,
              16.71202396500007
            ],
            [
              121.70963640600007,
              16.71206791000003
            ],
            [
              121.7117940600001,
              16.71216102900007
            ],
            [
              121.71567482000012,
              16.71744189800006
            ],
            [
              121.71663447500009,
              16.718747778000022
            ]
          ]
        ]
      },
      "properties": {
        "objectid": 12161,
        "gthcode": "8010231120110000",
        "reg_name": "Region II (Cagayan Valley)",
        "prov_name": "Isabela",
        "city_name": "Echague",
        "brgy_name": "Carulay",
        "reg_code": "020000000",
        "prov_code": "023100000",
        "city_code": "023112000",
        "brgy_code": "023112011",
        "psgc_10d": "0203112011",
        "geographic_level": "Bgy",
        "old_names": "",
        "class": "Municipality",
        "income_class": "",
        "urban_rural2015": "R",
        "bgypop2015": 1176,
        "bgypop2020": 1234,
        "bgyarea_sqkm": 1.57014488,
        "gida": "No",
        "gida_yr": null,
        "name": "Carulay",
        "Barangay": "Carulay",
        "BRGY_NAME": "Carulay",
        "NAME_1": "Isabela",
        "NAME_2": "Echague",
        "NAME_3": "Carulay",
        "MUNICIPALITY": "Echague",
        "PROVINCE": "Isabela",
        "SOURCE": "PSA/GeoRisk BarangayPopMF ArcGIS boundary layer",
        "SOURCE_URL": "https://ulap-nga.georisk.gov.ph/arcgis/rest/services/PSA/BarangayPopMF/MapServer/0",
        "OSM_CENTER_REFERENCE": "OpenStreetMap/Nominatim Echague town point: 16.7053600, 121.6749455",
        "PSA_BRGY_NAME": "Carulay"
      }
    },
    {
      "type": "Feature",
      "id": 12295,
      "geometry": {
        "type": "Polygon",
        "coordinates": [
          [
            [
              121.69586644800006,
              16.742174215000034
            ],
            [
              121.69580636300009,
              16.742339448000052
            ],
            [
              121.69543812600011,
              16.74289668600005
            ],
            [
              121.69521653900006,
              16.744281603000047
            ],
            [
              121.69188248400008,
              16.741512664000027
            ],
            [
              121.68756292500007,
              16.740450004000024
            ],
            [
              121.6864580780001,
              16.732205505000024
            ],
            [
              121.68619767500002,
              16.728517629000066
            ],
            [
              121.6885466650001,
              16.727325733000043
            ],
            [
              121.68898282700002,
              16.727104422000025
            ],
            [
              121.68928481000012,
              16.727423685000076
            ],
            [
              121.68988407900008,
              16.728282361000026
            ],
            [
              121.68999436800004,
              16.72902286900006
            ],
            [
              121.69009131000007,
              16.729407949000063
            ],
            [
              121.69012888100008,
              16.729613224000047
            ],
            [
              121.69020165600011,
              16.730044213000042
            ],
            [
              121.69026221100012,
              16.730377842000053
            ],
            [
              121.69056478400012,
              16.73188516600004
            ],
            [
              121.69374954500006,
              16.731186903000037
            ],
            [
              121.69389009000008,
              16.73122474200005
            ],
            [
              121.69399820100011,
              16.73115987500006
            ],
            [
              121.6941982080001,
              16.731257176000042
            ],
            [
              121.69437659200003,
              16.731467993000024
            ],
            [
              121.6944630810001,
              16.731565294000063
            ],
            [
              121.6945657870001,
              16.731576105000045
            ],
            [
              121.69471714300005,
              16.731619349000027
            ],
            [
              121.69487390500001,
              16.731711244000053
            ],
            [
              121.69503607200011,
              16.731662594000056
            ],
            [
              121.69516040100007,
              16.731673405000038
            ],
            [
              121.6952036450001,
              16.731765300000063
            ],
            [
              121.69524689000002,
              16.731927467000048
            ],
            [
              121.6953712180001,
              16.73200314500002
            ],
            [
              121.69544689600002,
              16.731932873000062
            ],
            [
              121.69564690300001,
              16.732051796000064
            ],
            [
              121.6958036640001,
              16.732008551000035
            ],
            [
              121.69598204900001,
              16.732073418000027
            ],
            [
              121.69615502700003,
              16.732143691000033
            ],
            [
              121.69630638300009,
              16.73226801900006
            ],
            [
              121.69650098400007,
              16.73235991400003
            ],
            [
              121.69662531200004,
              16.732473431000074
            ],
            [
              121.69666315100005,
              16.732619381000063
            ],
            [
              121.69664152900009,
              16.732803171000057
            ],
            [
              121.69658206800011,
              16.733003177000057
            ],
            [
              121.6965766620001,
              16.73310047800004
            ],
            [
              121.69648476700002,
              16.73317615600007
            ],
            [
              121.69639287200005,
              16.73307885500003
            ],
            [
              121.69629016600004,
              16.73295452700006
            ],
            [
              121.69621989400002,
              16.732884255000045
            ],
            [
              121.69609556600005,
              16.732884255000045
            ],
            [
              121.69591718200002,
              16.732959933000075
            ],
            [
              121.6957387980001,
              16.73317615600007
            ],
            [
              121.69558203600002,
              16.733316701000035
            ],
            [
              121.69550095200009,
              16.73350049100003
            ],
            [
              121.69541446300002,
              16.733516707000035
            ],
            [
              121.69532797400007,
              16.73346805700004
            ],
            [
              121.69525770100006,
              16.73341400100003
            ],
            [
              121.69511175000002,
              16.733381568000027
            ],
            [
              121.69497120500012,
              16.733565357000032
            ],
            [
              121.69492796100008,
              16.733824825000056
            ],
            [
              121.69477119900012,
              16.73394374800006
            ],
            [
              121.69431713100005,
              16.73424105500004
            ],
            [
              121.69416577400011,
              16.73440862800004
            ],
            [
              121.69409009600008,
              16.73446268300006
            ],
            [
              121.69407928500004,
              16.734522145000028
            ],
            [
              121.69413874600002,
              16.734603228000026
            ],
            [
              121.69427388600002,
              16.73463025600006
            ],
            [
              121.69440362000012,
              16.734727557000042
            ],
            [
              121.69441443100004,
              16.734846479000055
            ],
            [
              121.69447389200002,
              16.73491675200006
            ],
            [
              121.69450092000011,
              16.735019458000068
            ],
            [
              121.6944630810001,
              16.735089730000027
            ],
            [
              121.6943657810001,
              16.735078919000046
            ],
            [
              121.6942306410001,
              16.73506270300004
            ],
            [
              121.69406847400012,
              16.735035675000063
            ],
            [
              121.69397117400001,
              16.73506270300004
            ],
            [
              121.69402522900009,
              16.735235681000063
            ],
            [
              121.6940955020001,
              16.735414065000043
            ],
            [
              121.69421983000007,
              16.73553839300007
            ],
            [
              121.69440362000012,
              16.735565421000047
            ],
            [
              121.69461984300005,
              16.735646505000034
            ],
            [
              121.69468471000005,
              16.735797861000037
            ],
            [
              121.69454957000005,
              16.735835700000052
            ],
            [
              121.69414415200004,
              16.73591678400004
            ],
            [
              121.69377116700002,
              16.735965434000036
            ],
            [
              121.69319277000011,
              16.736376258000064
            ],
            [
              121.69312790300012,
              16.736451936000037
            ],
            [
              121.69314412000006,
              16.736700593000023
            ],
            [
              121.69314412000006,
              16.737008711000044
            ],
            [
              121.69301979200009,
              16.73737088400003
            ],
            [
              121.69301979200009,
              16.73773305800006
            ],
            [
              121.69313871500003,
              16.73791144200004
            ],
            [
              121.69325223200008,
              16.738203343000066
            ],
            [
              121.69335493800008,
              16.73835469900007
            ],
            [
              121.69351710500007,
              16.738516867000044
            ],
            [
              121.6936954890001,
              16.73867903400003
            ],
            [
              121.6938306290001,
              16.738824985000065
            ],
            [
              121.69387387300003,
              16.738960124000073
            ],
            [
              121.69384144000003,
              16.739116886000033
            ],
            [
              121.69388468400007,
              16.73924121400006
            ],
            [
              121.69402522900009,
              16.739246620000074
            ],
            [
              121.6940955020001,
              16.73916553600003
            ],
            [
              121.69418199100005,
              16.739106075000052
            ],
            [
              121.69427929100004,
              16.73912769700007
            ],
            [
              121.69434956400005,
              16.739197970000077
            ],
            [
              121.69440362000012,
              16.739289864000057
            ],
            [
              121.69452254200007,
              16.739338515000043
            ],
            [
              121.69456038200008,
              16.73932770400006
            ],
            [
              121.69464146500002,
              16.73924121400006
            ],
            [
              121.69469552100009,
              16.739149319000035
            ],
            [
              121.69484687700003,
              16.739057425000055
            ],
            [
              121.69492255500006,
              16.739003369000045
            ],
            [
              121.69503066700008,
              16.738889852000057
            ],
            [
              121.69516580600009,
              16.738889852000057
            ],
            [
              121.69522526800006,
              16.73887363500006
            ],
            [
              121.69542527400006,
              16.738895257000024
            ],
            [
              121.69559284700006,
              16.738981747000025
            ],
            [
              121.6955387910001,
              16.739143914000067
            ],
            [
              121.69545230200004,
              16.739360137000062
            ],
            [
              121.69547392400011,
              16.73945203200003
            ],
            [
              121.69559284700006,
              16.73946284300007
            ],
            [
              121.69578204200002,
              16.739500682000028
            ],
            [
              121.69612799900005,
              16.739592577000053
            ],
            [
              121.69629557200005,
              16.739776366000058
            ],
            [
              121.69640368400007,
              16.739922317000037
            ],
            [
              121.69628476100002,
              16.74004124000004
            ],
            [
              121.69617664900011,
              16.74001961700003
            ],
            [
              121.6959712370001,
              16.739997995000067
            ],
            [
              121.69574960900002,
              16.73998718400003
            ],
            [
              121.69555500800004,
              16.739943939000057
            ],
            [
              121.69533337900009,
              16.739954751000027
            ],
            [
              121.69505769500006,
              16.740133135000065
            ],
            [
              121.69499823300009,
              16.740387197000075
            ],
            [
              121.69501985600004,
              16.740576392000037
            ],
            [
              121.69512796700008,
              16.740700720000063
            ],
            [
              121.69524689000002,
              16.74071693700006
            ],
            [
              121.6954036520001,
              16.74080342600007
            ],
            [
              121.6953387850001,
              16.740998027000046
            ],
            [
              121.69521986200004,
              16.741398040000036
            ],
            [
              121.69525770100006,
              16.74162507400007
            ],
            [
              121.69539824600008,
              16.741792647000068
            ],
            [
              121.69555500800004,
              16.74191157000007
            ],
            [
              121.69571177000012,
              16.741884542000037
            ],
            [
              121.69571717500003,
              16.741808864000063
            ],
            [
              121.69569014700005,
              16.741711563000024
            ],
            [
              121.69566852500009,
              16.741598046000036
            ],
            [
              121.69573339200008,
              16.741538585000058
            ],
            [
              121.6958739370001,
              16.741598046000036
            ],
            [
              121.69598661700002,
              16.741640965000045
            ],
            [
              121.6960016380001,
              16.741836239000065
            ],
            [
              121.69586644800006,
              16.742174215000034
            ]
          ]
        ]
      },
      "properties": {
        "objectid": 12295,
        "gthcode": "8010231120120000",
        "reg_name": "Region II (Cagayan Valley)",
        "prov_name": "Isabela",
        "city_name": "Echague",
        "brgy_name": "Castillo",
        "reg_code": "020000000",
        "prov_code": "023100000",
        "city_code": "023112000",
        "brgy_code": "023112012",
        "psgc_10d": "0203112012",
        "geographic_level": "Bgy",
        "old_names": "",
        "class": "Municipality",
        "income_class": "",
        "urban_rural2015": "R",
        "bgypop2015": 1057,
        "bgypop2020": 1247,
        "bgyarea_sqkm": 1.10335079,
        "gida": "No",
        "gida_yr": null,
        "name": "Castillo",
        "Barangay": "Castillo",
        "BRGY_NAME": "Castillo",
        "NAME_1": "Isabela",
        "NAME_2": "Echague",
        "NAME_3": "Castillo",
        "MUNICIPALITY": "Echague",
        "PROVINCE": "Isabela",
        "SOURCE": "PSA/GeoRisk BarangayPopMF ArcGIS boundary layer",
        "SOURCE_URL": "https://ulap-nga.georisk.gov.ph/arcgis/rest/services/PSA/BarangayPopMF/MapServer/0",
        "OSM_CENTER_REFERENCE": "OpenStreetMap/Nominatim Echague town point: 16.7053600, 121.6749455",
        "PSA_BRGY_NAME": "Castillo"
      }
    },
    {
      "type": "Feature",
      "id": 13881,
      "geometry": {
        "type": "Polygon",
        "coordinates": [
          [
            [
              121.68384200800006,
              16.68672387600003
            ],
            [
              121.68362927800001,
              16.689374792000024
            ],
            [
              121.68162702500001,
              16.69383616700003
            ],
            [
              121.6811250180001,
              16.69683463800004
            ],
            [
              121.6793883470001,
              16.696726096000077
            ],
            [
              121.67750243100011,
              16.696332632000065
            ],
            [
              121.67549440500011,
              16.695572838000032
            ],
            [
              121.67363466500001,
              16.695658757000047
            ],
            [
              121.67203809300008,
              16.695636166000043
            ],
            [
              121.67227228400009,
              16.691431064000028
            ],
            [
              121.67238404300008,
              16.690809285000057
            ],
            [
              121.67242988600003,
              16.690243142000043
            ],
            [
              121.67245173600008,
              16.690254947000028
            ],
            [
              121.67259876000003,
              16.69025984800004
            ],
            [
              121.67263420900008,
              16.690255431000026
            ],
            [
              121.67316524500006,
              16.689722673000063
            ],
            [
              121.67378935800002,
              16.689400429000045
            ],
            [
              121.6739718560001,
              16.689040035000062
            ],
            [
              121.67517159300007,
              16.688440813000057
            ],
            [
              121.677057364,
              16.685137043000054
            ],
            [
              121.67773224900009,
              16.685343258000046
            ],
            [
              121.67850086800001,
              16.686093131000064
            ],
            [
              121.68162759800009,
              16.686411255000053
            ],
            [
              121.68384200800006,
              16.68672387600003
            ]
          ]
        ]
      },
      "properties": {
        "objectid": 13881,
        "gthcode": "8010231120130000",
        "reg_name": "Region II (Cagayan Valley)",
        "prov_name": "Isabela",
        "city_name": "Echague",
        "brgy_name": "Dammang East",
        "reg_code": "020000000",
        "prov_code": "023100000",
        "city_code": "023112000",
        "brgy_code": "023112013",
        "psgc_10d": "0203112013",
        "geographic_level": "Bgy",
        "old_names": "",
        "class": "Municipality",
        "income_class": "",
        "urban_rural2015": "R",
        "bgypop2015": 1233,
        "bgypop2020": 1245,
        "bgyarea_sqkm": 1.10672345,
        "gida": "No",
        "gida_yr": null,
        "name": "Dammang East",
        "Barangay": "Dammang East",
        "BRGY_NAME": "Dammang East",
        "NAME_1": "Isabela",
        "NAME_2": "Echague",
        "NAME_3": "Dammang East",
        "MUNICIPALITY": "Echague",
        "PROVINCE": "Isabela",
        "SOURCE": "PSA/GeoRisk BarangayPopMF ArcGIS boundary layer",
        "SOURCE_URL": "https://ulap-nga.georisk.gov.ph/arcgis/rest/services/PSA/BarangayPopMF/MapServer/0",
        "OSM_CENTER_REFERENCE": "OpenStreetMap/Nominatim Echague town point: 16.7053600, 121.6749455",
        "PSA_BRGY_NAME": "Dammang East"
      }
    },
    {
      "type": "Feature",
      "id": 13884,
      "geometry": {
        "type": "Polygon",
        "coordinates": [
          [
            [
              121.67203809300008,
              16.695636166000043
            ],
            [
              121.6699933760001,
              16.695163825000066
            ],
            [
              121.66744800900005,
              16.695411291000028
            ],
            [
              121.66525616600006,
              16.695658757000047
            ],
            [
              121.66288756000006,
              16.694951711000044
            ],
            [
              121.66030684100008,
              16.693855789000054
            ],
            [
              121.65790288400001,
              16.692017468000074
            ],
            [
              121.65652414300007,
              16.690214500000025
            ],
            [
              121.65774328000009,
              16.68726010100005
            ],
            [
              121.66983527900004,
              16.682753083000023
            ],
            [
              121.66892820300006,
              16.677923590000034
            ],
            [
              121.66966435800009,
              16.675885289000064
            ],
            [
              121.68087591900007,
              16.665498155000023
            ],
            [
              121.68515491300002,
              16.668549640000037
            ],
            [
              121.6856427890001,
              16.670318192000025
            ],
            [
              121.6878992180001,
              16.673062497000046
            ],
            [
              121.6848214050001,
              16.682458918000066
            ],
            [
              121.6840628760001,
              16.68405582200006
            ],
            [
              121.68384200800006,
              16.68672387600003
            ],
            [
              121.68162759800009,
              16.686411255000053
            ],
            [
              121.67850086800001,
              16.686093131000064
            ],
            [
              121.67773224900009,
              16.685343258000046
            ],
            [
              121.677057364,
              16.685137043000054
            ],
            [
              121.67517159300007,
              16.688440813000057
            ],
            [
              121.6739718560001,
              16.689040035000062
            ],
            [
              121.67378935800002,
              16.689400429000045
            ],
            [
              121.67316524500006,
              16.689722673000063
            ],
            [
              121.67263420900008,
              16.690255431000026
            ],
            [
              121.67259876000003,
              16.69025984800004
            ],
            [
              121.67245173600008,
              16.690254947000028
            ],
            [
              121.67242988600003,
              16.690243142000043
            ],
            [
              121.67238404300008,
              16.690809285000057
            ],
            [
              121.67227228400009,
              16.691431064000028
            ],
            [
              121.67203809300008,
              16.695636166000043
            ]
          ]
        ]
      },
      "properties": {
        "objectid": 13884,
        "gthcode": "8010231120140000",
        "reg_name": "Region II (Cagayan Valley)",
        "prov_name": "Isabela",
        "city_name": "Echague",
        "brgy_name": "Dammang West",
        "reg_code": "020000000",
        "prov_code": "023100000",
        "city_code": "023112000",
        "brgy_code": "023112014",
        "psgc_10d": "0203112014",
        "geographic_level": "Bgy",
        "old_names": "",
        "class": "Municipality",
        "income_class": "",
        "urban_rural2015": "R",
        "bgypop2015": 1403,
        "bgypop2020": 1448,
        "bgyarea_sqkm": 4.9755406,
        "gida": "No",
        "gida_yr": null,
        "name": "Dammang West",
        "Barangay": "Dammang West",
        "BRGY_NAME": "Dammang West",
        "NAME_1": "Isabela",
        "NAME_2": "Echague",
        "NAME_3": "Dammang West",
        "MUNICIPALITY": "Echague",
        "PROVINCE": "Isabela",
        "SOURCE": "PSA/GeoRisk BarangayPopMF ArcGIS boundary layer",
        "SOURCE_URL": "https://ulap-nga.georisk.gov.ph/arcgis/rest/services/PSA/BarangayPopMF/MapServer/0",
        "OSM_CENTER_REFERENCE": "OpenStreetMap/Nominatim Echague town point: 16.7053600, 121.6749455",
        "PSA_BRGY_NAME": "Dammang West"
      }
    },
    {
      "type": "Feature",
      "id": 14521,
      "geometry": {
        "type": "Polygon",
        "coordinates": [
          [
            [
              121.82239918200003,
              16.646623117000047
            ],
            [
              121.81836476300009,
              16.647555682000075
            ],
            [
              121.81356916000004,
              16.648679363000042
            ],
            [
              121.80958761700003,
              16.646553760000074
            ],
            [
              121.80423736600005,
              16.641618470000026
            ],
            [
              121.78929574900008,
              16.63404745500003
            ],
            [
              121.79077205400006,
              16.629797178000047
            ],
            [
              121.79146287800006,
              16.628351059000067
            ],
            [
              121.79197776400008,
              16.627197140000078
            ],
            [
              121.79058706800004,
              16.62346142100006
            ],
            [
              121.7904923960001,
              16.623206809000067
            ],
            [
              121.78940007400001,
              16.620978704000038
            ],
            [
              121.78931544600005,
              16.616330497000035
            ],
            [
              121.84627744800002,
              16.618961096000078
            ],
            [
              121.8313298920001,
              16.627532073000054
            ],
            [
              121.82605452000007,
              16.632403767000028
            ],
            [
              121.8226464170001,
              16.63974548300007
            ],
            [
              121.82239918200003,
              16.646623117000047
            ]
          ]
        ]
      },
      "properties": {
        "objectid": 14521,
        "gthcode": "8010231120670000",
        "reg_name": "Region II (Cagayan Valley)",
        "prov_name": "Isabela",
        "city_name": "Echague",
        "brgy_name": "Diasan",
        "reg_code": "020000000",
        "prov_code": "023100000",
        "city_code": "023112000",
        "brgy_code": "023112067",
        "psgc_10d": "0203112067",
        "geographic_level": "Bgy",
        "old_names": "",
        "class": "Municipality",
        "income_class": "",
        "urban_rural2015": "R",
        "bgypop2015": 716,
        "bgypop2020": 798,
        "bgyarea_sqkm": 12.12792801,
        "gida": "No",
        "gida_yr": null,
        "name": "Diasan",
        "Barangay": "Diasan",
        "BRGY_NAME": "Diasan",
        "NAME_1": "Isabela",
        "NAME_2": "Echague",
        "NAME_3": "Diasan",
        "MUNICIPALITY": "Echague",
        "PROVINCE": "Isabela",
        "SOURCE": "PSA/GeoRisk BarangayPopMF ArcGIS boundary layer",
        "SOURCE_URL": "https://ulap-nga.georisk.gov.ph/arcgis/rest/services/PSA/BarangayPopMF/MapServer/0",
        "OSM_CENTER_REFERENCE": "OpenStreetMap/Nominatim Echague town point: 16.7053600, 121.6749455",
        "PSA_BRGY_NAME": "Diasan"
      }
    },
    {
      "type": "Feature",
      "id": 14559,
      "geometry": {
        "type": "Polygon",
        "coordinates": [
          [
            [
              121.84859394500006,
              16.689671689000022
            ],
            [
              121.84300390400006,
              16.691832163000072
            ],
            [
              121.84261025100011,
              16.691382737000026
            ],
            [
              121.84030367500009,
              16.68874938500005
            ],
            [
              121.84052330500003,
              16.688508542000022
            ],
            [
              121.84077498500005,
              16.687806549000072
            ],
            [
              121.84065948200009,
              16.68753524600004
            ],
            [
              121.84053640900004,
              16.687420219000046
            ],
            [
              121.8405666750001,
              16.68716861200005
            ],
            [
              121.84037251200004,
              16.68647944500003
            ],
            [
              121.84028463200002,
              16.68612435400007
            ],
            [
              121.84054852700001,
              16.685832016000063
            ],
            [
              121.84101876900002,
              16.685679933000074
            ],
            [
              121.84162230900006,
              16.685948972000062
            ],
            [
              121.8421429770001,
              16.685684239000068
            ],
            [
              121.84210866700005,
              16.685211605000063
            ],
            [
              121.84190370600004,
              16.684776862000035
            ],
            [
              121.84186034400011,
              16.684646540000074
            ],
            [
              121.8418665480001,
              16.68463718600003
            ],
            [
              121.84218521900004,
              16.684589605000042
            ],
            [
              121.84242904200005,
              16.68488375000004
            ],
            [
              121.84270606500002,
              16.685137292000036
            ],
            [
              121.84272115400006,
              16.685273003000077
            ],
            [
              121.84274957800005,
              16.68541197600007
            ],
            [
              121.84294325700012,
              16.685542618000056
            ],
            [
              121.8431175610001,
              16.68551685600005
            ],
            [
              121.84316578000005,
              16.685390394000024
            ],
            [
              121.84337139200011,
              16.685360871000057
            ],
            [
              121.84346903700009,
              16.68551039700003
            ],
            [
              121.84348838300002,
              16.685745780000047
            ],
            [
              121.84372393600006,
              16.685836461000065
            ],
            [
              121.84393193500011,
              16.68584522900005
            ],
            [
              121.84411515900001,
              16.685673631000043
            ],
            [
              121.84410005400002,
              16.685459767000054
            ],
            [
              121.84399984000004,
              16.685126439000044
            ],
            [
              121.84383982500003,
              16.68458896800007
            ],
            [
              121.84371973500004,
              16.684109559000035
            ],
            [
              121.84317699700011,
              16.683180970000024
            ],
            [
              121.842099888,
              16.680892112000038
            ],
            [
              121.84008030700011,
              16.679707291000057
            ],
            [
              121.84128550600008,
              16.676900357000022
            ],
            [
              121.84234559900005,
              16.676169033000065
            ],
            [
              121.84391433300004,
              16.676296657000023
            ],
            [
              121.84500216600009,
              16.676045772000066
            ],
            [
              121.84713362600007,
              16.674271829000077
            ],
            [
              121.8495617750001,
              16.67544513000007
            ],
            [
              121.8525386120001,
              16.673650354000074
            ],
            [
              121.86571044100003,
              16.66691107500003
            ],
            [
              121.86502241800008,
              16.670729981000022
            ],
            [
              121.86570586300002,
              16.674396041000023
            ],
            [
              121.86553720100005,
              16.676495334000037
            ],
            [
              121.8630886950001,
              16.681992835000074
            ],
            [
              121.86082240300004,
              16.683611041000063
            ],
            [
              121.8592363030001,
              16.684489572000075
            ],
            [
              121.85593793100008,
              16.68591162900003
            ],
            [
              121.85185890700006,
              16.687983942000074
            ],
            [
              121.84859394500006,
              16.689671689000022
            ]
          ]
        ]
      },
      "properties": {
        "objectid": 14559,
        "gthcode": "8010231120150000",
        "reg_name": "Region II (Cagayan Valley)",
        "prov_name": "Isabela",
        "city_name": "Echague",
        "brgy_name": "Dicaraoyan",
        "reg_code": "020000000",
        "prov_code": "023100000",
        "city_code": "023112000",
        "brgy_code": "023112015",
        "psgc_10d": "0203112015",
        "geographic_level": "Bgy",
        "old_names": "",
        "class": "Municipality",
        "income_class": "",
        "urban_rural2015": "R",
        "bgypop2015": 410,
        "bgypop2020": 396,
        "bgyarea_sqkm": 3.98345197,
        "gida": "Yes",
        "gida_yr": "2023",
        "name": "Dicaraoyan",
        "Barangay": "Dicaraoyan",
        "BRGY_NAME": "Dicaraoyan",
        "NAME_1": "Isabela",
        "NAME_2": "Echague",
        "NAME_3": "Dicaraoyan",
        "MUNICIPALITY": "Echague",
        "PROVINCE": "Isabela",
        "SOURCE": "PSA/GeoRisk BarangayPopMF ArcGIS boundary layer",
        "SOURCE_URL": "https://ulap-nga.georisk.gov.ph/arcgis/rest/services/PSA/BarangayPopMF/MapServer/0",
        "OSM_CENTER_REFERENCE": "OpenStreetMap/Nominatim Echague town point: 16.7053600, 121.6749455",
        "PSA_BRGY_NAME": "Dicaraoyan"
      }
    },
    {
      "type": "Feature",
      "id": 15128,
      "geometry": {
        "type": "Polygon",
        "coordinates": [
          [
            [
              121.71410904800007,
              16.705177582000033
            ],
            [
              121.7149996490001,
              16.705677226000034
            ],
            [
              121.7117940600001,
              16.71216102900007
            ],
            [
              121.70963640600007,
              16.71206791000003
            ],
            [
              121.70786407100002,
              16.71202396500007
            ],
            [
              121.70327187200007,
              16.71194951500007
            ],
            [
              121.70149409800001,
              16.70947837500006
            ],
            [
              121.70092491000003,
              16.70791310900006
            ],
            [
              121.69894814300005,
              16.707298128000048
            ],
            [
              121.69900131800011,
              16.704210671000055
            ],
            [
              121.69916215100011,
              16.70271493200005
            ],
            [
              121.69956884500004,
              16.701256365000063
            ],
            [
              121.70512987900008,
              16.702459945000044
            ],
            [
              121.70675202200005,
              16.69938184800003
            ],
            [
              121.70733886800008,
              16.699546131000034
            ],
            [
              121.70738518600001,
              16.699673506000067
            ],
            [
              121.70731570900011,
              16.700275641000076
            ],
            [
              121.7084620810001,
              16.700657765000074
            ],
            [
              121.70918001100006,
              16.70098199100005
            ],
            [
              121.70938844200009,
              16.700912514000038
            ],
            [
              121.7109748360001,
              16.702128363000043
            ],
            [
              121.7116827750001,
              16.70283622900007
            ],
            [
              121.71191327100007,
              16.70312738100006
            ],
            [
              121.71197392800002,
              16.703503454000042
            ],
            [
              121.71334477200003,
              16.70436478000005
            ],
            [
              121.71327198400002,
              16.704571013000077
            ],
            [
              121.71410904800007,
              16.705177582000033
            ]
          ]
        ]
      },
      "properties": {
        "objectid": 15128,
        "gthcode": "8010231120160000",
        "reg_name": "Region II (Cagayan Valley)",
        "prov_name": "Isabela",
        "city_name": "Echague",
        "brgy_name": "Dugayong",
        "reg_code": "020000000",
        "prov_code": "023100000",
        "city_code": "023112000",
        "brgy_code": "023112016",
        "psgc_10d": "0203112016",
        "geographic_level": "Bgy",
        "old_names": "",
        "class": "Municipality",
        "income_class": "",
        "urban_rural2015": "R",
        "bgypop2015": 717,
        "bgypop2020": 1448,
        "bgyarea_sqkm": 1.6125695500000001,
        "gida": "No",
        "gida_yr": null,
        "name": "Dugayong",
        "Barangay": "Dugayong",
        "BRGY_NAME": "Dugayong",
        "NAME_1": "Isabela",
        "NAME_2": "Echague",
        "NAME_3": "Dugayong",
        "MUNICIPALITY": "Echague",
        "PROVINCE": "Isabela",
        "SOURCE": "PSA/GeoRisk BarangayPopMF ArcGIS boundary layer",
        "SOURCE_URL": "https://ulap-nga.georisk.gov.ph/arcgis/rest/services/PSA/BarangayPopMF/MapServer/0",
        "OSM_CENTER_REFERENCE": "OpenStreetMap/Nominatim Echague town point: 16.7053600, 121.6749455",
        "PSA_BRGY_NAME": "Dugayong"
      }
    },
    {
      "type": "Feature",
      "id": 15739,
      "geometry": {
        "type": "Polygon",
        "coordinates": [
          [
            [
              121.66821856700005,
              16.726468647000047
            ],
            [
              121.66936257200007,
              16.72725659100007
            ],
            [
              121.66759953600001,
              16.729794515000037
            ],
            [
              121.66695386900005,
              16.730382991000056
            ],
            [
              121.6664041890001,
              16.731291159000023
            ],
            [
              121.66575094600012,
              16.73294816500004
            ],
            [
              121.66390764000005,
              16.73573811500006
            ],
            [
              121.6635109240001,
              16.73592806000005
            ],
            [
              121.66274956600012,
              16.73561301500007
            ],
            [
              121.66227699900003,
              16.735219209000036
            ],
            [
              121.66240826700005,
              16.73482540300006
            ],
            [
              121.66116962500007,
              16.733508269000026
            ],
            [
              121.65996666900003,
              16.732777611000074
            ],
            [
              121.65910029600002,
              16.731884983000043
            ],
            [
              121.65702625000006,
              16.73141241600007
            ],
            [
              121.6559498470001,
              16.73117613200003
            ],
            [
              121.65432211500001,
              16.730966102000025
            ],
            [
              121.6533507260001,
              16.731438670000045
            ],
            [
              121.65253686000005,
              16.73251507300006
            ],
            [
              121.65121262500008,
              16.732579395000073
            ],
            [
              121.6504365610001,
              16.73256758100007
            ],
            [
              121.64967520300002,
              16.732200028000022
            ],
            [
              121.64886133700008,
              16.731464924000022
            ],
            [
              121.64828383400004,
              16.73050381300004
            ],
            [
              121.64712859000008,
              16.72841949000002
            ],
            [
              121.64699732100007,
              16.727316832000042
            ],
            [
              121.64665602200012,
              16.726476713000068
            ],
            [
              121.64598657700003,
              16.725741846000062
            ],
            [
              121.6445032150001,
              16.725032757000065
            ],
            [
              121.6427704680001,
              16.724323906000052
            ],
            [
              121.64193034900006,
              16.72353629400004
            ],
            [
              121.64122149800005,
              16.721435994000046
            ],
            [
              121.64231654500009,
              16.72109815400006
            ],
            [
              121.65184580800008,
              16.717284713000026
            ],
            [
              121.65360851500009,
              16.71817025300004
            ],
            [
              121.6554625330001,
              16.720699086000025
            ],
            [
              121.65639447900003,
              16.721872525000038
            ],
            [
              121.65720798400002,
              16.722742976000063
            ],
            [
              121.65790355400009,
              16.723783882000077
            ],
            [
              121.65933056200004,
              16.724916803000042
            ],
            [
              121.66055856600008,
              16.72556875500004
            ],
            [
              121.6632445680001,
              16.726167700000076
            ],
            [
              121.66467056700003,
              16.726180689000046
            ],
            [
              121.66682256500007,
              16.726043683000057
            ],
            [
              121.66821856700005,
              16.726468647000047
            ]
          ]
        ]
      },
      "properties": {
        "objectid": 15739,
        "gthcode": "8010231120170000",
        "reg_name": "Region II (Cagayan Valley)",
        "prov_name": "Isabela",
        "city_name": "Echague",
        "brgy_name": "Fugu",
        "reg_code": "020000000",
        "prov_code": "023100000",
        "city_code": "023112000",
        "brgy_code": "023112017",
        "psgc_10d": "0203112017",
        "geographic_level": "Bgy",
        "old_names": "",
        "class": "Municipality",
        "income_class": "",
        "urban_rural2015": "R",
        "bgypop2015": 1000,
        "bgypop2020": 1081,
        "bgyarea_sqkm": 2.77199226,
        "gida": "No",
        "gida_yr": null,
        "name": "Fugu",
        "Barangay": "Fugu",
        "BRGY_NAME": "Fugu",
        "NAME_1": "Isabela",
        "NAME_2": "Echague",
        "NAME_3": "Fugu",
        "MUNICIPALITY": "Echague",
        "PROVINCE": "Isabela",
        "SOURCE": "PSA/GeoRisk BarangayPopMF ArcGIS boundary layer",
        "SOURCE_URL": "https://ulap-nga.georisk.gov.ph/arcgis/rest/services/PSA/BarangayPopMF/MapServer/0",
        "OSM_CENTER_REFERENCE": "OpenStreetMap/Nominatim Echague town point: 16.7053600, 121.6749455",
        "PSA_BRGY_NAME": "Fugu"
      }
    },
    {
      "type": "Feature",
      "id": 15995,
      "geometry": {
        "type": "Polygon",
        "coordinates": [
          [
            [
              121.66895365200003,
              16.660572063000075
            ],
            [
              121.66792307900005,
              16.663350130000026
            ],
            [
              121.66626520000011,
              16.666262621000044
            ],
            [
              121.6630838640001,
              16.668995881000058
            ],
            [
              121.65985811100006,
              16.670319394000046
            ],
            [
              121.65770280700008,
              16.669162381000035
            ],
            [
              121.657297631,
              16.668462532000035
            ],
            [
              121.65627855200012,
              16.667910019000033
            ],
            [
              121.65606982500003,
              16.667320673000063
            ],
            [
              121.65593476600009,
              16.66684182800003
            ],
            [
              121.6552141630001,
              16.665962507000074
            ],
            [
              121.65511754400006,
              16.665871821000053
            ],
            [
              121.65472234200001,
              16.665672631000064
            ],
            [
              121.65420356000004,
              16.665245681000044
            ],
            [
              121.65392116500004,
              16.665110622000043
            ],
            [
              121.65356510100003,
              16.66474228000004
            ],
            [
              121.65339320800001,
              16.664103821000026
            ],
            [
              121.65318448100004,
              16.663465362000068
            ],
            [
              121.65258285700008,
              16.663539031000028
            ],
            [
              121.6519321190001,
              16.66339169400004
            ],
            [
              121.65169883600004,
              16.663072465000027
            ],
            [
              121.65203034400008,
              16.662728679000054
            ],
            [
              121.65247235400011,
              16.66232350300004
            ],
            [
              121.6524846320001,
              16.66201655200007
            ],
            [
              121.65220409400001,
              16.66179668700005
            ],
            [
              121.65151466600003,
              16.662151610000024
            ],
            [
              121.65082709400008,
              16.662213001000055
            ],
            [
              121.6505324210001,
              16.661930605000066
            ],
            [
              121.65082709400008,
              16.661586820000025
            ],
            [
              121.65112609000005,
              16.66115673300004
            ],
            [
              121.65142871900002,
              16.660960639000052
            ],
            [
              121.65123227000004,
              16.660764190000066
            ],
            [
              121.65094987500004,
              16.66064140900005
            ],
            [
              121.65070431400011,
              16.660383570000022
            ],
            [
              121.65092531900007,
              16.660236233000035
            ],
            [
              121.65092531900007,
              16.659966116000078
            ],
            [
              121.6505560810001,
              16.659953810000047
            ],
            [
              121.65012724500002,
              16.659352213000034
            ],
            [
              121.6489485510001,
              16.658836535000034
            ],
            [
              121.64808908700002,
              16.658787422000046
            ],
            [
              121.64757340900007,
              16.659168042000033
            ],
            [
              121.64730329200006,
              16.659180320000075
            ],
            [
              121.64698406200012,
              16.658971593000047
            ],
            [
              121.64676305700004,
              16.658603252000034
            ],
            [
              121.64677533500003,
              16.658234910000033
            ],
            [
              121.64713139900005,
              16.658136685000045
            ],
            [
              121.6475488530001,
              16.658161241000073
            ],
            [
              121.64767163300007,
              16.65779290000006
            ],
            [
              121.64738923800007,
              16.65755961700006
            ],
            [
              121.6475049710001,
              16.657398768000064
            ],
            [
              121.64775758000007,
              16.657387724000046
            ],
            [
              121.64805225300006,
              16.657436836000045
            ],
            [
              121.64807680900003,
              16.65714216300006
            ],
            [
              121.64802769700009,
              16.656872045000057
            ],
            [
              121.64799086300002,
              16.65654053800006
            ],
            [
              121.64802769700009,
              16.656221308000056
            ],
            [
              121.64795402900006,
              16.655828410000026
            ],
            [
              121.6476470770001,
              16.655472347000057
            ],
            [
              121.64740151600006,
              16.65546006900007
            ],
            [
              121.64710684300007,
              16.65516539500004
            ],
            [
              121.64694722800004,
              16.654895278000026
            ],
            [
              121.64665255500006,
              16.65506717100004
            ],
            [
              121.6463456030001,
              16.654968946000054
            ],
            [
              121.64446804700003,
              16.65489216000003
            ],
            [
              121.64515894600004,
              16.653976339000053
            ],
            [
              121.6461510470001,
              16.652942317000054
            ],
            [
              121.65171583900008,
              16.65122627900007
            ],
            [
              121.65678482600003,
              16.651683122000065
            ],
            [
              121.6605575430001,
              16.651180294000028
            ],
            [
              121.66121705100011,
              16.65258646600006
            ],
            [
              121.6632157680001,
              16.652120899000067
            ],
            [
              121.6641758180001,
              16.653390642000033
            ],
            [
              121.6639590320001,
              16.65509395500004
            ],
            [
              121.66355643100007,
              16.65620885100003
            ],
            [
              121.66433066400009,
              16.657292778000055
            ],
            [
              121.66629505100002,
              16.657443853000075
            ],
            [
              121.6704690470001,
              16.65730483300007
            ],
            [
              121.66895365200003,
              16.660572063000075
            ]
          ]
        ]
      },
      "properties": {
        "objectid": 15995,
        "gthcode": "8010231120180000",
        "reg_name": "Region II (Cagayan Valley)",
        "prov_name": "Isabela",
        "city_name": "Echague",
        "brgy_name": "Garit Norte",
        "reg_code": "020000000",
        "prov_code": "023100000",
        "city_code": "023112000",
        "brgy_code": "023112018",
        "psgc_10d": "0203112018",
        "geographic_level": "Bgy",
        "old_names": "",
        "class": "Municipality",
        "income_class": "",
        "urban_rural2015": "U",
        "bgypop2015": 1185,
        "bgypop2020": 1735,
        "bgyarea_sqkm": 3.25176472,
        "gida": "No",
        "gida_yr": null,
        "name": "Garit Norte",
        "Barangay": "Garit Norte",
        "BRGY_NAME": "Garit Norte",
        "NAME_1": "Isabela",
        "NAME_2": "Echague",
        "NAME_3": "Garit Norte",
        "MUNICIPALITY": "Echague",
        "PROVINCE": "Isabela",
        "SOURCE": "PSA/GeoRisk BarangayPopMF ArcGIS boundary layer",
        "SOURCE_URL": "https://ulap-nga.georisk.gov.ph/arcgis/rest/services/PSA/BarangayPopMF/MapServer/0",
        "OSM_CENTER_REFERENCE": "OpenStreetMap/Nominatim Echague town point: 16.7053600, 121.6749455",
        "PSA_BRGY_NAME": "Garit Norte"
      }
    },
    {
      "type": "Feature",
      "id": 15996,
      "geometry": {
        "type": "Polygon",
        "coordinates": [
          [
            [
              121.6704690470001,
              16.65730483300007
            ],
            [
              121.66629505100002,
              16.657443853000075
            ],
            [
              121.66433066400009,
              16.657292778000055
            ],
            [
              121.66355643100007,
              16.65620885100003
            ],
            [
              121.6639590320001,
              16.65509395500004
            ],
            [
              121.6641758180001,
              16.653390642000033
            ],
            [
              121.6632157680001,
              16.652120899000067
            ],
            [
              121.66121705100011,
              16.65258646600006
            ],
            [
              121.6605575430001,
              16.651180294000028
            ],
            [
              121.65678482600003,
              16.651683122000065
            ],
            [
              121.65854831000001,
              16.646365114000048
            ],
            [
              121.6619349,
              16.646970543000066
            ],
            [
              121.67132845200001,
              16.64542711400003
            ],
            [
              121.67110441400007,
              16.648518834000072
            ],
            [
              121.67092518400011,
              16.649683830000072
            ],
            [
              121.67061153100008,
              16.652909973000078
            ],
            [
              121.67092518400011,
              16.65465746700005
            ],
            [
              121.6704690470001,
              16.65730483300007
            ]
          ]
        ]
      },
      "properties": {
        "objectid": 15996,
        "gthcode": "8010231120190000",
        "reg_name": "Region II (Cagayan Valley)",
        "prov_name": "Isabela",
        "city_name": "Echague",
        "brgy_name": "Garit Sur",
        "reg_code": "020000000",
        "prov_code": "023100000",
        "city_code": "023112000",
        "brgy_code": "023112019",
        "psgc_10d": "0203112019",
        "geographic_level": "Bgy",
        "old_names": "",
        "class": "Municipality",
        "income_class": "",
        "urban_rural2015": "R",
        "bgypop2015": 604,
        "bgypop2020": 704,
        "bgyarea_sqkm": 1.3116496899999999,
        "gida": "No",
        "gida_yr": null,
        "name": "Garit Sur",
        "Barangay": "Garit Sur",
        "BRGY_NAME": "Garit Sur",
        "NAME_1": "Isabela",
        "NAME_2": "Echague",
        "NAME_3": "Garit Sur",
        "MUNICIPALITY": "Echague",
        "PROVINCE": "Isabela",
        "SOURCE": "PSA/GeoRisk BarangayPopMF ArcGIS boundary layer",
        "SOURCE_URL": "https://ulap-nga.georisk.gov.ph/arcgis/rest/services/PSA/BarangayPopMF/MapServer/0",
        "OSM_CENTER_REFERENCE": "OpenStreetMap/Nominatim Echague town point: 16.7053600, 121.6749455",
        "PSA_BRGY_NAME": "Garit Sur"
      }
    },
    {
      "type": "Feature",
      "id": 16383,
      "geometry": {
        "type": "Polygon",
        "coordinates": [
          [
            [
              121.69382673500002,
              16.707132228000035
            ],
            [
              121.69288627800006,
              16.70730322000003
            ],
            [
              121.6924465840001,
              16.707364289000054
            ],
            [
              121.69182368400004,
              16.707461998000042
            ],
            [
              121.6915305550001,
              16.707596349000028
            ],
            [
              121.69129849400008,
              16.70743757100007
            ],
            [
              121.69073666300005,
              16.707596349000028
            ],
            [
              121.69018704500002,
              16.70775512800003
            ],
            [
              121.69008933500004,
              16.707938334000062
            ],
            [
              121.68982063400006,
              16.70802383000006
            ],
            [
              121.68946643600009,
              16.708097112000075
            ],
            [
              121.68917330600004,
              16.707926120000025
            ],
            [
              121.68902674200001,
              16.707632991000025
            ],
            [
              121.68892903200003,
              16.707364289000054
            ],
            [
              121.68853819300011,
              16.707291006000048
            ],
            [
              121.68826949100003,
              16.70748642600006
            ],
            [
              121.68800078900006,
              16.70754749400004
            ],
            [
              121.68778094200002,
              16.707461998000042
            ],
            [
              121.6873046070001,
              16.707327647000056
            ],
            [
              121.68690155400009,
              16.707291006000048
            ],
            [
              121.6867783460001,
              16.70728194700007
            ],
            [
              121.68607102100009,
              16.70722993800007
            ],
            [
              121.68522827400011,
              16.707022304000077
            ],
            [
              121.68462568500001,
              16.70686100200004
            ],
            [
              121.68492352500004,
              16.70531470700007
            ],
            [
              121.6849576190001,
              16.70458168700003
            ],
            [
              121.68502496400004,
              16.70347184700006
            ],
            [
              121.68312401800006,
              16.702518917000077
            ],
            [
              121.68263923200004,
              16.702271824000036
            ],
            [
              121.68226184100001,
              16.702259259000073
            ],
            [
              121.67976888400005,
              16.703400069000054
            ],
            [
              121.67880538600002,
              16.70326093400007
            ],
            [
              121.67834726800004,
              16.703907139000023
            ],
            [
              121.67738196700009,
              16.703364866000072
            ],
            [
              121.67897413500009,
              16.70078873800003
            ],
            [
              121.67842010900006,
              16.700626792000037
            ],
            [
              121.6793883470001,
              16.696726096000077
            ],
            [
              121.6811250180001,
              16.69683463800004
            ],
            [
              121.6826893550001,
              16.696783468000035
            ],
            [
              121.68605189300001,
              16.69661931400003
            ],
            [
              121.69231232400011,
              16.696311310000056
            ],
            [
              121.69341629000007,
              16.695554169000047
            ],
            [
              121.69313899400004,
              16.693992550000075
            ],
            [
              121.69427737000001,
              16.693963361000044
            ],
            [
              121.69497061200002,
              16.69356201100004
            ],
            [
              121.6961454740001,
              16.69347444300007
            ],
            [
              121.69680952700003,
              16.693131471000072
            ],
            [
              121.69733202200007,
              16.69268943700007
            ],
            [
              121.6984397540001,
              16.692976851000026
            ],
            [
              121.69819674900009,
              16.696391893000055
            ],
            [
              121.69776559200011,
              16.69886275300007
            ],
            [
              121.69810234800002,
              16.700907679000068
            ],
            [
              121.69956884500004,
              16.701256365000063
            ],
            [
              121.69916215100011,
              16.70271493200005
            ],
            [
              121.69900131800011,
              16.704210671000055
            ],
            [
              121.69894814300005,
              16.707298128000048
            ],
            [
              121.69623283800001,
              16.70719329700006
            ],
            [
              121.69595192300005,
              16.707132228000035
            ],
            [
              121.69519467200007,
              16.707071159000066
            ],
            [
              121.69464505400003,
              16.707132228000035
            ],
            [
              121.69382673500002,
              16.707132228000035
            ]
          ]
        ]
      },
      "properties": {
        "objectid": 16383,
        "gthcode": "8010231120200000",
        "reg_name": "Region II (Cagayan Valley)",
        "prov_name": "Isabela",
        "city_name": "Echague",
        "brgy_name": "Gucab",
        "reg_code": "020000000",
        "prov_code": "023100000",
        "city_code": "023112000",
        "brgy_code": "023112020",
        "psgc_10d": "0203112020",
        "geographic_level": "Bgy",
        "old_names": "",
        "class": "Municipality",
        "income_class": "",
        "urban_rural2015": "R",
        "bgypop2015": 2710,
        "bgypop2020": 3098,
        "bgyarea_sqkm": 2.4053934,
        "gida": "No",
        "gida_yr": null,
        "name": "Gucab",
        "Barangay": "Gucab",
        "BRGY_NAME": "Gucab",
        "NAME_1": "Isabela",
        "NAME_2": "Echague",
        "NAME_3": "Gucab",
        "MUNICIPALITY": "Echague",
        "PROVINCE": "Isabela",
        "SOURCE": "PSA/GeoRisk BarangayPopMF ArcGIS boundary layer",
        "SOURCE_URL": "https://ulap-nga.georisk.gov.ph/arcgis/rest/services/PSA/BarangayPopMF/MapServer/0",
        "OSM_CENTER_REFERENCE": "OpenStreetMap/Nominatim Echague town point: 16.7053600, 121.6749455",
        "PSA_BRGY_NAME": "Gucab"
      }
    },
    {
      "type": "Feature",
      "id": 16699,
      "geometry": {
        "type": "Polygon",
        "coordinates": [
          [
            [
              121.687687116,
              16.74868411800003
            ],
            [
              121.6873908230001,
              16.750906316000055
            ],
            [
              121.68536615300002,
              16.75327666100003
            ],
            [
              121.68395469100005,
              16.755118477000053
            ],
            [
              121.68311291600003,
              16.75562354300007
            ],
            [
              121.68264851900005,
              16.755851164000035
            ],
            [
              121.6818114570001,
              16.756320708000032
            ],
            [
              121.67748747200005,
              16.758380826000064
            ],
            [
              121.67502111100009,
              16.75980492700006
            ],
            [
              121.6743539260001,
              16.760190167000076
            ],
            [
              121.6729081420001,
              16.761388684000053
            ],
            [
              121.6719648180001,
              16.760188576000075
            ],
            [
              121.67046180800003,
              16.758769672000028
            ],
            [
              121.66982080500009,
              16.758267707000073
            ],
            [
              121.66936280400012,
              16.758130719000064
            ],
            [
              121.66821880000009,
              16.75744376800003
            ],
            [
              121.66755479300002,
              16.75641583500004
            ],
            [
              121.66774578400009,
              16.755338899000037
            ],
            [
              121.66776878000007,
              16.754788932000054
            ],
            [
              121.66808177000007,
              16.75339301500003
            ],
            [
              121.66798276100008,
              16.752203088000044
            ],
            [
              121.66779875300006,
              16.751173151000046
            ],
            [
              121.6676767460001,
              16.75025720800005
            ],
            [
              121.66803573800007,
              16.749182270000063
            ],
            [
              121.66907717100003,
              16.748978394000062
            ],
            [
              121.66995437000003,
              16.74949673900005
            ],
            [
              121.67194800200002,
              16.750174574000027
            ],
            [
              121.67298469200011,
              16.75001508400004
            ],
            [
              121.67382201700002,
              16.749576484000045
            ],
            [
              121.67418087100009,
              16.748739158000035
            ],
            [
              121.67382201700002,
              16.74754297900006
            ],
            [
              121.67246634700007,
              16.746825271000034
            ],
            [
              121.67198787500001,
              16.74562909100007
            ],
            [
              121.6721473660001,
              16.74375507600007
            ],
            [
              121.67166889400005,
              16.74239940600006
            ],
            [
              121.67476535200001,
              16.74023611700005
            ],
            [
              121.67972040100005,
              16.740485652000075
            ],
            [
              121.68381548000002,
              16.741469411000026
            ],
            [
              121.68756292500007,
              16.740450004000024
            ],
            [
              121.69188248400008,
              16.741512664000027
            ],
            [
              121.687687116,
              16.74868411800003
            ]
          ]
        ]
      },
      "properties": {
        "objectid": 16699,
        "gthcode": "8010231120210000",
        "reg_name": "Region II (Cagayan Valley)",
        "prov_name": "Isabela",
        "city_name": "Echague",
        "brgy_name": "Gumbauan",
        "reg_code": "020000000",
        "prov_code": "023100000",
        "city_code": "023112000",
        "brgy_code": "023112021",
        "psgc_10d": "0203112021",
        "geographic_level": "Bgy",
        "old_names": "",
        "class": "Municipality",
        "income_class": "",
        "urban_rural2015": "R",
        "bgypop2015": 1946,
        "bgypop2020": 2352,
        "bgyarea_sqkm": 3.56009298,
        "gida": "No",
        "gida_yr": null,
        "name": "Gumbauan",
        "Barangay": "Gumbauan",
        "BRGY_NAME": "Gumbauan",
        "NAME_1": "Isabela",
        "NAME_2": "Echague",
        "NAME_3": "Gumbauan",
        "MUNICIPALITY": "Echague",
        "PROVINCE": "Isabela",
        "SOURCE": "PSA/GeoRisk BarangayPopMF ArcGIS boundary layer",
        "SOURCE_URL": "https://ulap-nga.georisk.gov.ph/arcgis/rest/services/PSA/BarangayPopMF/MapServer/0",
        "OSM_CENTER_REFERENCE": "OpenStreetMap/Nominatim Echague town point: 16.7053600, 121.6749455",
        "PSA_BRGY_NAME": "Gumbauan"
      }
    },
    {
      "type": "Feature",
      "id": 17757,
      "geometry": {
        "type": "Polygon",
        "coordinates": [
          [
            [
              121.64484451400006,
              16.698332702000073
            ],
            [
              121.64173254900004,
              16.70324603100005
            ],
            [
              121.63900544500007,
              16.707528000000025
            ],
            [
              121.63743032000002,
              16.707323097000028
            ],
            [
              121.6370888460001,
              16.706782430000032
            ],
            [
              121.63666200400007,
              16.705444992000025
            ],
            [
              121.63577986400003,
              16.703993728000057
            ],
            [
              121.63529610900002,
              16.702827026000023
            ],
            [
              121.63518228500004,
              16.701261938000073
            ],
            [
              121.63555221400009,
              16.70066435900003
            ],
            [
              121.63623516200005,
              16.699810675000037
            ],
            [
              121.63671891600006,
              16.698387868000054
            ],
            [
              121.63673226600008,
              16.69816444500003
            ],
            [
              121.63668487200005,
              16.696686527000054
            ],
            [
              121.63597636200006,
              16.696201709000036
            ],
            [
              121.63521335900009,
              16.695743742000047
            ],
            [
              121.63404635400002,
              16.69494479900004
            ],
            [
              121.63297035200003,
              16.694600827000045
            ],
            [
              121.63218606700002,
              16.694208271000036
            ],
            [
              121.63167333100012,
              16.69155702100005
            ],
            [
              121.63196331500001,
              16.68952814200003
            ],
            [
              121.63181830300005,
              16.687884243000042
            ],
            [
              121.63244428700011,
              16.68581236500006
            ],
            [
              121.63424427300004,
              16.684118455000032
            ],
            [
              121.63543526900003,
              16.68362847700007
            ],
            [
              121.63608327700001,
              16.684776402000068
            ],
            [
              121.63648027900001,
              16.68510138000005
            ],
            [
              121.63680373300008,
              16.68479097100004
            ],
            [
              121.63739527100006,
              16.68419742800006
            ],
            [
              121.63804425400008,
              16.68187556500004
            ],
            [
              121.63759424200009,
              16.68033566200006
            ],
            [
              121.64450828800011,
              16.680977245000065
            ],
            [
              121.64356702200007,
              16.682252508000033
            ],
            [
              121.64539039200008,
              16.686940435000054
            ],
            [
              121.64772408400006,
              16.690967279000063
            ],
            [
              121.64757228100007,
              16.69715364800004
            ],
            [
              121.64667978600005,
              16.698145965000037
            ],
            [
              121.64484451400006,
              16.698332702000073
            ]
          ]
        ]
      },
      "properties": {
        "objectid": 17757,
        "gthcode": "8010231120230000",
        "reg_name": "Region II (Cagayan Valley)",
        "prov_name": "Isabela",
        "city_name": "Echague",
        "brgy_name": "Ipil",
        "reg_code": "020000000",
        "prov_code": "023100000",
        "city_code": "023112000",
        "brgy_code": "023112023",
        "psgc_10d": "0203112023",
        "geographic_level": "Bgy",
        "old_names": "",
        "class": "Municipality",
        "income_class": "",
        "urban_rural2015": "U",
        "bgypop2015": 2168,
        "bgypop2020": 2260,
        "bgyarea_sqkm": 3.1571602399999996,
        "gida": "No",
        "gida_yr": null,
        "name": "Ipil",
        "Barangay": "Ipil",
        "BRGY_NAME": "Ipil",
        "NAME_1": "Isabela",
        "NAME_2": "Echague",
        "NAME_3": "Ipil",
        "MUNICIPALITY": "Echague",
        "PROVINCE": "Isabela",
        "SOURCE": "PSA/GeoRisk BarangayPopMF ArcGIS boundary layer",
        "SOURCE_URL": "https://ulap-nga.georisk.gov.ph/arcgis/rest/services/PSA/BarangayPopMF/MapServer/0",
        "OSM_CENTER_REFERENCE": "OpenStreetMap/Nominatim Echague town point: 16.7053600, 121.6749455",
        "PSA_BRGY_NAME": "Ipil"
      }
    },
    {
      "type": "Feature",
      "id": 20186,
      "geometry": {
        "type": "Polygon",
        "coordinates": [
          [
            [
              121.65297968000004,
              16.67873035200006
            ],
            [
              121.64624034100007,
              16.68132849600005
            ],
            [
              121.64450828800011,
              16.680977245000065
            ],
            [
              121.63759424200009,
              16.68033566200006
            ],
            [
              121.63692523000009,
              16.678646769000068
            ],
            [
              121.63566221400004,
              16.67635991700007
            ],
            [
              121.63467920000005,
              16.67437704400004
            ],
            [
              121.63366518800001,
              16.67267315400005
            ],
            [
              121.63287917800005,
              16.671232247000034
            ],
            [
              121.63230716600003,
              16.669582352000077
            ],
            [
              121.63187214700008,
              16.66706650800006
            ],
            [
              121.62982713100007,
              16.66471666500007
            ],
            [
              121.62797312100008,
              16.66319077000003
            ],
            [
              121.62747796400004,
              16.660810038000022
            ],
            [
              121.62862898600008,
              16.658891668000024
            ],
            [
              121.62908939500005,
              16.657203503000062
            ],
            [
              121.62889755800006,
              16.655285133000064
            ],
            [
              121.63004996300003,
              16.65115471200005
            ],
            [
              121.63192399100001,
              16.646214775000033
            ],
            [
              121.63368699800003,
              16.647270698000057
            ],
            [
              121.63457200300002,
              16.648102642000026
            ],
            [
              121.63669401200002,
              16.649393548000035
            ],
            [
              121.63952802200004,
              16.651086426000063
            ],
            [
              121.6411950270001,
              16.651890365000042
            ],
            [
              121.64278903700006,
              16.65341426200007
            ],
            [
              121.64446804700003,
              16.65489216000003
            ],
            [
              121.6463456030001,
              16.654968946000054
            ],
            [
              121.64665255500006,
              16.65506717100004
            ],
            [
              121.64694722800004,
              16.654895278000026
            ],
            [
              121.64710684300007,
              16.65516539500004
            ],
            [
              121.64740151600006,
              16.65546006900007
            ],
            [
              121.6476470770001,
              16.655472347000057
            ],
            [
              121.64795402900006,
              16.655828410000026
            ],
            [
              121.64802769700009,
              16.656221308000056
            ],
            [
              121.64799086300002,
              16.65654053800006
            ],
            [
              121.64802769700009,
              16.656872045000057
            ],
            [
              121.64807680900003,
              16.65714216300006
            ],
            [
              121.64805225300006,
              16.657436836000045
            ],
            [
              121.64775758000007,
              16.657387724000046
            ],
            [
              121.6475049710001,
              16.657398768000064
            ],
            [
              121.64738923800007,
              16.65755961700006
            ],
            [
              121.64767163300007,
              16.65779290000006
            ],
            [
              121.6475488530001,
              16.658161241000073
            ],
            [
              121.64713139900005,
              16.658136685000045
            ],
            [
              121.64677533500003,
              16.658234910000033
            ],
            [
              121.64676305700004,
              16.658603252000034
            ],
            [
              121.64698406200012,
              16.658971593000047
            ],
            [
              121.64730329200006,
              16.659180320000075
            ],
            [
              121.64757340900007,
              16.659168042000033
            ],
            [
              121.64808908700002,
              16.658787422000046
            ],
            [
              121.6489485510001,
              16.658836535000034
            ],
            [
              121.65012724500002,
              16.659352213000034
            ],
            [
              121.6505560810001,
              16.659953810000047
            ],
            [
              121.65092531900007,
              16.659966116000078
            ],
            [
              121.65092531900007,
              16.660236233000035
            ],
            [
              121.65070431400011,
              16.660383570000022
            ],
            [
              121.65094987500004,
              16.66064140900005
            ],
            [
              121.65123227000004,
              16.660764190000066
            ],
            [
              121.65142871900002,
              16.660960639000052
            ],
            [
              121.65112609000005,
              16.66115673300004
            ],
            [
              121.65082709400008,
              16.661586820000025
            ],
            [
              121.6505324210001,
              16.661930605000066
            ],
            [
              121.65082709400008,
              16.662213001000055
            ],
            [
              121.65151466600003,
              16.662151610000024
            ],
            [
              121.65220409400001,
              16.66179668700005
            ],
            [
              121.6524846320001,
              16.66201655200007
            ],
            [
              121.65247235400011,
              16.66232350300004
            ],
            [
              121.65203034400008,
              16.662728679000054
            ],
            [
              121.65169883600004,
              16.663072465000027
            ],
            [
              121.6519321190001,
              16.66339169400004
            ],
            [
              121.65258285700008,
              16.663539031000028
            ],
            [
              121.65318448100004,
              16.663465362000068
            ],
            [
              121.65339320800001,
              16.664103821000026
            ],
            [
              121.65356510100003,
              16.66474228000004
            ],
            [
              121.65392116500004,
              16.665110622000043
            ],
            [
              121.65420356000004,
              16.665245681000044
            ],
            [
              121.65472234200001,
              16.665672631000064
            ],
            [
              121.65511754400006,
              16.665871821000053
            ],
            [
              121.6552141630001,
              16.665962507000074
            ],
            [
              121.65593476600009,
              16.66684182800003
            ],
            [
              121.65606982500003,
              16.667320673000063
            ],
            [
              121.65627855200012,
              16.667910019000033
            ],
            [
              121.657297631,
              16.668462532000035
            ],
            [
              121.65770280700008,
              16.669162381000035
            ],
            [
              121.65985811100006,
              16.670319394000046
            ],
            [
              121.65864316400007,
              16.671769036000057
            ],
            [
              121.65683766200004,
              16.672323058000075
            ],
            [
              121.65486390300009,
              16.673848236000026
            ],
            [
              121.65441622700007,
              16.673969441000054
            ],
            [
              121.65444522700011,
              16.675074359000064
            ],
            [
              121.65375740200011,
              16.677466794000054
            ],
            [
              121.65297968000004,
              16.67873035200006
            ]
          ]
        ]
      },
      "properties": {
        "objectid": 20186,
        "gthcode": "8010231120240000",
        "reg_name": "Region II (Cagayan Valley)",
        "prov_name": "Isabela",
        "city_name": "Echague",
        "brgy_name": "Libertad",
        "reg_code": "020000000",
        "prov_code": "023100000",
        "city_code": "023112000",
        "brgy_code": "023112024",
        "psgc_10d": "0203112024",
        "geographic_level": "Bgy",
        "old_names": "",
        "class": "Municipality",
        "income_class": "",
        "urban_rural2015": "R",
        "bgypop2015": 1846,
        "bgypop2020": 2113,
        "bgyarea_sqkm": 7.3466233800000005,
        "gida": "No",
        "gida_yr": null,
        "name": "Libertad",
        "Barangay": "Libertad",
        "BRGY_NAME": "Libertad",
        "NAME_1": "Isabela",
        "NAME_2": "Echague",
        "NAME_3": "Libertad",
        "MUNICIPALITY": "Echague",
        "PROVINCE": "Isabela",
        "SOURCE": "PSA/GeoRisk BarangayPopMF ArcGIS boundary layer",
        "SOURCE_URL": "https://ulap-nga.georisk.gov.ph/arcgis/rest/services/PSA/BarangayPopMF/MapServer/0",
        "OSM_CENTER_REFERENCE": "OpenStreetMap/Nominatim Echague town point: 16.7053600, 121.6749455",
        "PSA_BRGY_NAME": "Libertad"
      }
    },
    {
      "type": "Feature",
      "id": 21787,
      "geometry": {
        "type": "Polygon",
        "coordinates": [
          [
            [
              121.84128550600008,
              16.676900357000022
            ],
            [
              121.83937780300005,
              16.677292332000036
            ],
            [
              121.83656151900004,
              16.67459472400003
            ],
            [
              121.84031860400012,
              16.671135589000073
            ],
            [
              121.84003155200003,
              16.66865262700003
            ],
            [
              121.84045676100004,
              16.66766233900006
            ],
            [
              121.84065833400007,
              16.665137962000074
            ],
            [
              121.83942239500004,
              16.661668001000066
            ],
            [
              121.8397638450001,
              16.657327401000032
            ],
            [
              121.84394954100003,
              16.65189242100007
            ],
            [
              121.84629343000006,
              16.64499500000005
            ],
            [
              121.84982789100002,
              16.64161712500004
            ],
            [
              121.85234790800007,
              16.640294294000057
            ],
            [
              121.85445427500008,
              16.63885327500003
            ],
            [
              121.85617556000011,
              16.63740248000005
            ],
            [
              121.85836636500005,
              16.63848261800007
            ],
            [
              121.85861645700004,
              16.64065759700003
            ],
            [
              121.86104856600002,
              16.642659930000036
            ],
            [
              121.86456291500008,
              16.64438284700003
            ],
            [
              121.86500375800006,
              16.645216821000076
            ],
            [
              121.86566050600004,
              16.646644207000065
            ],
            [
              121.8672146670001,
              16.650357470000074
            ],
            [
              121.86928459100011,
              16.653209977000074
            ],
            [
              121.86826438300011,
              16.663656437000043
            ],
            [
              121.86571044100003,
              16.66691107500003
            ],
            [
              121.8525386120001,
              16.673650354000074
            ],
            [
              121.8495617750001,
              16.67544513000007
            ],
            [
              121.84713362600007,
              16.674271829000077
            ],
            [
              121.84500216600009,
              16.676045772000066
            ],
            [
              121.84391433300004,
              16.676296657000023
            ],
            [
              121.84234559900005,
              16.676169033000065
            ],
            [
              121.84128550600008,
              16.676900357000022
            ]
          ]
        ]
      },
      "properties": {
        "objectid": 21787,
        "gthcode": "8010231120250000",
        "reg_name": "Region II (Cagayan Valley)",
        "prov_name": "Isabela",
        "city_name": "Echague",
        "brgy_name": "Mabbayad",
        "reg_code": "020000000",
        "prov_code": "023100000",
        "city_code": "023112000",
        "brgy_code": "023112025",
        "psgc_10d": "0203112025",
        "geographic_level": "Bgy",
        "old_names": "",
        "class": "Municipality",
        "income_class": "",
        "urban_rural2015": "R",
        "bgypop2015": 708,
        "bgypop2020": 853,
        "bgyarea_sqkm": 9.38912985,
        "gida": "Yes",
        "gida_yr": "2023",
        "name": "Mabbayad",
        "Barangay": "Mabbayad",
        "BRGY_NAME": "Mabbayad",
        "NAME_1": "Isabela",
        "NAME_2": "Echague",
        "NAME_3": "Mabbayad",
        "MUNICIPALITY": "Echague",
        "PROVINCE": "Isabela",
        "SOURCE": "PSA/GeoRisk BarangayPopMF ArcGIS boundary layer",
        "SOURCE_URL": "https://ulap-nga.georisk.gov.ph/arcgis/rest/services/PSA/BarangayPopMF/MapServer/0",
        "OSM_CENTER_REFERENCE": "OpenStreetMap/Nominatim Echague town point: 16.7053600, 121.6749455",
        "PSA_BRGY_NAME": "Mabbayad"
      }
    },
    {
      "type": "Feature",
      "id": 21927,
      "geometry": {
        "type": "Polygon",
        "coordinates": [
          [
            [
              121.72649714700003,
              16.718881999000075
            ],
            [
              121.72591835700007,
              16.72074929100006
            ],
            [
              121.72400721500003,
              16.722660432000055
            ],
            [
              121.72101888500003,
              16.725926747000074
            ],
            [
              121.71879501100011,
              16.728428605000033
            ],
            [
              121.71085977900009,
              16.726336692000075
            ],
            [
              121.71346598700006,
              16.723924977000024
            ],
            [
              121.71586500800004,
              16.720002435000026
            ],
            [
              121.71663447500009,
              16.718747778000022
            ],
            [
              121.7260574720001,
              16.71925568200004
            ],
            [
              121.72649714700003,
              16.718881999000075
            ]
          ]
        ]
      },
      "properties": {
        "objectid": 21927,
        "gthcode": "8010231120260000",
        "reg_name": "Region II (Cagayan Valley)",
        "prov_name": "Isabela",
        "city_name": "Echague",
        "brgy_name": "Mabuhay",
        "reg_code": "020000000",
        "prov_code": "023100000",
        "city_code": "023112000",
        "brgy_code": "023112026",
        "psgc_10d": "0203112026",
        "geographic_level": "Bgy",
        "old_names": "",
        "class": "Municipality",
        "income_class": "",
        "urban_rural2015": "R",
        "bgypop2015": 699,
        "bgypop2020": 750,
        "bgyarea_sqkm": 0.9764773,
        "gida": "No",
        "gida_yr": null,
        "name": "Mabuhay",
        "Barangay": "Mabuhay",
        "BRGY_NAME": "Mabuhay",
        "NAME_1": "Isabela",
        "NAME_2": "Echague",
        "NAME_3": "Mabuhay",
        "MUNICIPALITY": "Echague",
        "PROVINCE": "Isabela",
        "SOURCE": "PSA/GeoRisk BarangayPopMF ArcGIS boundary layer",
        "SOURCE_URL": "https://ulap-nga.georisk.gov.ph/arcgis/rest/services/PSA/BarangayPopMF/MapServer/0",
        "OSM_CENTER_REFERENCE": "OpenStreetMap/Nominatim Echague town point: 16.7053600, 121.6749455",
        "PSA_BRGY_NAME": "Mabuhay"
      }
    },
    {
      "type": "Feature",
      "id": 22190,
      "geometry": {
        "type": "Polygon",
        "coordinates": [
          [
            [
              121.83942239500004,
              16.661668001000066
            ],
            [
              121.83451293600001,
              16.663179154000034
            ],
            [
              121.82843864600011,
              16.661925669000027
            ],
            [
              121.82650488700006,
              16.66166918500005
            ],
            [
              121.82578001600007,
              16.658662682000056
            ],
            [
              121.82559358800006,
              16.65426755900006
            ],
            [
              121.82239918200003,
              16.646623117000047
            ],
            [
              121.8226464170001,
              16.63974548300007
            ],
            [
              121.82605452000007,
              16.632403767000028
            ],
            [
              121.8313298920001,
              16.627532073000054
            ],
            [
              121.84627744800002,
              16.618961096000078
            ],
            [
              121.85106329900009,
              16.626573230000076
            ],
            [
              121.85617556000011,
              16.63740248000005
            ],
            [
              121.85445427500008,
              16.63885327500003
            ],
            [
              121.85234790800007,
              16.640294294000057
            ],
            [
              121.84982789100002,
              16.64161712500004
            ],
            [
              121.84629343000006,
              16.64499500000005
            ],
            [
              121.84394954100003,
              16.65189242100007
            ],
            [
              121.8397638450001,
              16.657327401000032
            ],
            [
              121.83942239500004,
              16.661668001000066
            ]
          ]
        ]
      },
      "properties": {
        "objectid": 22190,
        "gthcode": "8010231120270000",
        "reg_name": "Region II (Cagayan Valley)",
        "prov_name": "Isabela",
        "city_name": "Echague",
        "brgy_name": "Madadamian",
        "reg_code": "020000000",
        "prov_code": "023100000",
        "city_code": "023112000",
        "brgy_code": "023112027",
        "psgc_10d": "0203112027",
        "geographic_level": "Bgy",
        "old_names": "",
        "class": "Municipality",
        "income_class": "",
        "urban_rural2015": "R",
        "bgypop2015": 888,
        "bgypop2020": 962,
        "bgyarea_sqkm": 10.35698725,
        "gida": "Yes",
        "gida_yr": "2023",
        "name": "Madadamian",
        "Barangay": "Madadamian",
        "BRGY_NAME": "Madadamian",
        "NAME_1": "Isabela",
        "NAME_2": "Echague",
        "NAME_3": "Madadamian",
        "MUNICIPALITY": "Echague",
        "PROVINCE": "Isabela",
        "SOURCE": "PSA/GeoRisk BarangayPopMF ArcGIS boundary layer",
        "SOURCE_URL": "https://ulap-nga.georisk.gov.ph/arcgis/rest/services/PSA/BarangayPopMF/MapServer/0",
        "OSM_CENTER_REFERENCE": "OpenStreetMap/Nominatim Echague town point: 16.7053600, 121.6749455",
        "PSA_BRGY_NAME": "Madadamian"
      }
    },
    {
      "type": "Feature",
      "id": 22408,
      "geometry": {
        "type": "Polygon",
        "coordinates": [
          [
            [
              121.82219608200012,
              16.693383308000023
            ],
            [
              121.81862369800001,
              16.693538629000045
            ],
            [
              121.81705507800007,
              16.694219727000075
            ],
            [
              121.81272150000007,
              16.69610142600004
            ],
            [
              121.80720760300005,
              16.69586844400004
            ],
            [
              121.7992838460001,
              16.696692296000037
            ],
            [
              121.7960042200001,
              16.692285109000068
            ],
            [
              121.79741507400001,
              16.68960935100006
            ],
            [
              121.79790157600007,
              16.684987587000023
            ],
            [
              121.8060095190001,
              16.682328049000034
            ],
            [
              121.81071303600004,
              16.68145295100004
            ],
            [
              121.81182018800007,
              16.68127759300006
            ],
            [
              121.82024141400007,
              16.680234029000076
            ],
            [
              121.82675995200009,
              16.679406980000067
            ],
            [
              121.831489368,
              16.67786863400005
            ],
            [
              121.83656151900004,
              16.67459472400003
            ],
            [
              121.83937780300005,
              16.677292332000036
            ],
            [
              121.84128550600008,
              16.676900357000022
            ],
            [
              121.84008030700011,
              16.679707291000057
            ],
            [
              121.842099888,
              16.680892112000038
            ],
            [
              121.84317699700011,
              16.683180970000024
            ],
            [
              121.84371973500004,
              16.684109559000035
            ],
            [
              121.84383982500003,
              16.68458896800007
            ],
            [
              121.84399984000004,
              16.685126439000044
            ],
            [
              121.84410005400002,
              16.685459767000054
            ],
            [
              121.84411515900001,
              16.685673631000043
            ],
            [
              121.84393193500011,
              16.68584522900005
            ],
            [
              121.84372393600006,
              16.685836461000065
            ],
            [
              121.84348838300002,
              16.685745780000047
            ],
            [
              121.84346903700009,
              16.68551039700003
            ],
            [
              121.84337139200011,
              16.685360871000057
            ],
            [
              121.84316578000005,
              16.685390394000024
            ],
            [
              121.8431175610001,
              16.68551685600005
            ],
            [
              121.84294325700012,
              16.685542618000056
            ],
            [
              121.84274957800005,
              16.68541197600007
            ],
            [
              121.84272115400006,
              16.685273003000077
            ],
            [
              121.84270606500002,
              16.685137292000036
            ],
            [
              121.84242904200005,
              16.68488375000004
            ],
            [
              121.84218521900004,
              16.684589605000042
            ],
            [
              121.8418665480001,
              16.68463718600003
            ],
            [
              121.84186034400011,
              16.684646540000074
            ],
            [
              121.84190370600004,
              16.684776862000035
            ],
            [
              121.84210866700005,
              16.685211605000063
            ],
            [
              121.8421429770001,
              16.685684239000068
            ],
            [
              121.84162230900006,
              16.685948972000062
            ],
            [
              121.84101876900002,
              16.685679933000074
            ],
            [
              121.84054852700001,
              16.685832016000063
            ],
            [
              121.84028463200002,
              16.68612435400007
            ],
            [
              121.84037251200004,
              16.68647944500003
            ],
            [
              121.8405666750001,
              16.68716861200005
            ],
            [
              121.84053640900004,
              16.687420219000046
            ],
            [
              121.84065948200009,
              16.68753524600004
            ],
            [
              121.84077498500005,
              16.687806549000072
            ],
            [
              121.84052330500003,
              16.688508542000022
            ],
            [
              121.84030367500009,
              16.68874938500005
            ],
            [
              121.83913783600008,
              16.68915892800004
            ],
            [
              121.83784530500009,
              16.688593446000027
            ],
            [
              121.83625656800007,
              16.688835795000045
            ],
            [
              121.83345685500001,
              16.690276888000028
            ],
            [
              121.8304280960001,
              16.692063079000036
            ],
            [
              121.82444823600008,
              16.693227987000057
            ],
            [
              121.82219608200012,
              16.693383308000023
            ]
          ]
        ]
      },
      "properties": {
        "objectid": 22408,
        "gthcode": "8010231120280000",
        "reg_name": "Region II (Cagayan Valley)",
        "prov_name": "Isabela",
        "city_name": "Echague",
        "brgy_name": "Magleticia",
        "reg_code": "020000000",
        "prov_code": "023100000",
        "city_code": "023112000",
        "brgy_code": "023112028",
        "psgc_10d": "0203112028",
        "geographic_level": "Bgy",
        "old_names": "",
        "class": "Municipality",
        "income_class": "",
        "urban_rural2015": "R",
        "bgypop2015": 641,
        "bgypop2020": 685,
        "bgyarea_sqkm": 7.0056154600000005,
        "gida": "Yes",
        "gida_yr": "2023",
        "name": "Magleticia",
        "Barangay": "Magleticia",
        "BRGY_NAME": "Magleticia",
        "NAME_1": "Isabela",
        "NAME_2": "Echague",
        "NAME_3": "Magleticia",
        "MUNICIPALITY": "Echague",
        "PROVINCE": "Isabela",
        "SOURCE": "PSA/GeoRisk BarangayPopMF ArcGIS boundary layer",
        "SOURCE_URL": "https://ulap-nga.georisk.gov.ph/arcgis/rest/services/PSA/BarangayPopMF/MapServer/0",
        "OSM_CENTER_REFERENCE": "OpenStreetMap/Nominatim Echague town point: 16.7053600, 121.6749455",
        "PSA_BRGY_NAME": "Magleticia"
      }
    },
    {
      "type": "Feature",
      "id": 23171,
      "geometry": {
        "type": "Polygon",
        "coordinates": [
          [
            [
              121.68756292500007,
              16.740450004000024
            ],
            [
              121.68381548000002,
              16.741469411000026
            ],
            [
              121.67972040100005,
              16.740485652000075
            ],
            [
              121.67476535200001,
              16.74023611700005
            ],
            [
              121.67166889400005,
              16.74239940600006
            ],
            [
              121.67107080400001,
              16.741402590000064
            ],
            [
              121.66897366,
              16.738949885000068
            ],
            [
              121.66725765100011,
              16.737577980000026
            ],
            [
              121.66596764600001,
              16.736800036000034
            ],
            [
              121.66431964300011,
              16.736230082000077
            ],
            [
              121.6635109240001,
              16.73592806000005
            ],
            [
              121.66390764000005,
              16.73573811500006
            ],
            [
              121.66575094600012,
              16.73294816500004
            ],
            [
              121.6664041890001,
              16.731291159000023
            ],
            [
              121.66695386900005,
              16.730382991000056
            ],
            [
              121.66759953600001,
              16.729794515000037
            ],
            [
              121.66936257200007,
              16.72725659100007
            ],
            [
              121.66821856700005,
              16.726468647000047
            ],
            [
              121.67062818300008,
              16.723127816000044
            ],
            [
              121.67477676100009,
              16.726471382000057
            ],
            [
              121.67886925500011,
              16.727565886000036
            ],
            [
              121.68196241900012,
              16.72789899600002
            ],
            [
              121.68619767500002,
              16.728517629000066
            ],
            [
              121.6864580780001,
              16.732205505000024
            ],
            [
              121.68756292500007,
              16.740450004000024
            ]
          ]
        ]
      },
      "properties": {
        "objectid": 23171,
        "gthcode": "8010231120290000",
        "reg_name": "Region II (Cagayan Valley)",
        "prov_name": "Isabela",
        "city_name": "Echague",
        "brgy_name": "Malibago",
        "reg_code": "020000000",
        "prov_code": "023100000",
        "city_code": "023112000",
        "brgy_code": "023112029",
        "psgc_10d": "0203112029",
        "geographic_level": "Bgy",
        "old_names": "",
        "class": "Municipality",
        "income_class": "",
        "urban_rural2015": "R",
        "bgypop2015": 1538,
        "bgypop2020": 1785,
        "bgyarea_sqkm": 3.31122177,
        "gida": "No",
        "gida_yr": null,
        "name": "Malibago",
        "Barangay": "Malibago",
        "BRGY_NAME": "Malibago",
        "NAME_1": "Isabela",
        "NAME_2": "Echague",
        "NAME_3": "Malibago",
        "MUNICIPALITY": "Echague",
        "PROVINCE": "Isabela",
        "SOURCE": "PSA/GeoRisk BarangayPopMF ArcGIS boundary layer",
        "SOURCE_URL": "https://ulap-nga.georisk.gov.ph/arcgis/rest/services/PSA/BarangayPopMF/MapServer/0",
        "OSM_CENTER_REFERENCE": "OpenStreetMap/Nominatim Echague town point: 16.7053600, 121.6749455",
        "PSA_BRGY_NAME": "Malibago"
      }
    },
    {
      "type": "Feature",
      "id": 23204,
      "geometry": {
        "type": "Polygon",
        "coordinates": [
          [
            [
              121.65790288400001,
              16.692017468000074
            ],
            [
              121.6574386310001,
              16.69699660300006
            ],
            [
              121.65727752500004,
              16.69870187500004
            ],
            [
              121.65765219700006,
              16.702040526000076
            ],
            [
              121.65053337300003,
              16.698964440000054
            ],
            [
              121.64924678600005,
              16.69877474200007
            ],
            [
              121.64650302500002,
              16.698758523000038
            ],
            [
              121.64484451400006,
              16.698332702000073
            ],
            [
              121.64667978600005,
              16.698145965000037
            ],
            [
              121.64757228100007,
              16.69715364800004
            ],
            [
              121.64772408400006,
              16.690967279000063
            ],
            [
              121.64539039200008,
              16.686940435000054
            ],
            [
              121.64356702200007,
              16.682252508000033
            ],
            [
              121.64450828800011,
              16.680977245000065
            ],
            [
              121.64624034100007,
              16.68132849600005
            ],
            [
              121.65297968000004,
              16.67873035200006
            ],
            [
              121.65264568300006,
              16.680886155000053
            ],
            [
              121.65364767500012,
              16.683588498000063
            ],
            [
              121.65379949200008,
              16.686351569000067
            ],
            [
              121.65461930400011,
              16.688811005000048
            ],
            [
              121.65652414300007,
              16.690214500000025
            ],
            [
              121.65790288400001,
              16.692017468000074
            ]
          ]
        ]
      },
      "properties": {
        "objectid": 23204,
        "gthcode": "8010231120300000",
        "reg_name": "Region II (Cagayan Valley)",
        "prov_name": "Isabela",
        "city_name": "Echague",
        "brgy_name": "Maligaya",
        "reg_code": "020000000",
        "prov_code": "023100000",
        "city_code": "023112000",
        "brgy_code": "023112030",
        "psgc_10d": "0203112030",
        "geographic_level": "Bgy",
        "old_names": "",
        "class": "Municipality",
        "income_class": "",
        "urban_rural2015": "R",
        "bgypop2015": 2196,
        "bgypop2020": 2397,
        "bgyarea_sqkm": 2.19471047,
        "gida": "No",
        "gida_yr": null,
        "name": "Maligaya",
        "Barangay": "Maligaya",
        "BRGY_NAME": "Maligaya",
        "NAME_1": "Isabela",
        "NAME_2": "Echague",
        "NAME_3": "Maligaya",
        "MUNICIPALITY": "Echague",
        "PROVINCE": "Isabela",
        "SOURCE": "PSA/GeoRisk BarangayPopMF ArcGIS boundary layer",
        "SOURCE_URL": "https://ulap-nga.georisk.gov.ph/arcgis/rest/services/PSA/BarangayPopMF/MapServer/0",
        "OSM_CENTER_REFERENCE": "OpenStreetMap/Nominatim Echague town point: 16.7053600, 121.6749455",
        "PSA_BRGY_NAME": "Maligaya"
      }
    },
    {
      "type": "Feature",
      "id": 23352,
      "geometry": {
        "type": "Polygon",
        "coordinates": [
          [
            [
              121.68087591900007,
              16.665498155000023
            ],
            [
              121.66966435800009,
              16.675885289000064
            ],
            [
              121.66892820300006,
              16.677923590000034
            ],
            [
              121.66983527900004,
              16.682753083000023
            ],
            [
              121.65774328000009,
              16.68726010100005
            ],
            [
              121.65652414300007,
              16.690214500000025
            ],
            [
              121.65461930400011,
              16.688811005000048
            ],
            [
              121.65379949200008,
              16.686351569000067
            ],
            [
              121.65364767500012,
              16.683588498000063
            ],
            [
              121.65264568300006,
              16.680886155000053
            ],
            [
              121.65297968000004,
              16.67873035200006
            ],
            [
              121.65375740200011,
              16.677466794000054
            ],
            [
              121.65444522700011,
              16.675074359000064
            ],
            [
              121.65441622700007,
              16.673969441000054
            ],
            [
              121.65486390300009,
              16.673848236000026
            ],
            [
              121.65683766200004,
              16.672323058000075
            ],
            [
              121.65864316400007,
              16.671769036000057
            ],
            [
              121.65985811100006,
              16.670319394000046
            ],
            [
              121.6630838640001,
              16.668995881000058
            ],
            [
              121.66626520000011,
              16.666262621000044
            ],
            [
              121.66792307900005,
              16.663350130000026
            ],
            [
              121.66895365200003,
              16.660572063000075
            ],
            [
              121.67291007800009,
              16.661620553000034
            ],
            [
              121.67688488700003,
              16.663534742000024
            ],
            [
              121.68087591900007,
              16.665498155000023
            ]
          ]
        ]
      },
      "properties": {
        "objectid": 23352,
        "gthcode": "8010231120310000",
        "reg_name": "Region II (Cagayan Valley)",
        "prov_name": "Isabela",
        "city_name": "Echague",
        "brgy_name": "Malitao",
        "reg_code": "020000000",
        "prov_code": "023100000",
        "city_code": "023112000",
        "brgy_code": "023112031",
        "psgc_10d": "0203112031",
        "geographic_level": "Bgy",
        "old_names": "",
        "class": "Municipality",
        "income_class": "",
        "urban_rural2015": "R",
        "bgypop2015": 1731,
        "bgypop2020": 1883,
        "bgyarea_sqkm": 4.24342796,
        "gida": "No",
        "gida_yr": null,
        "name": "Malitao",
        "Barangay": "Malitao",
        "BRGY_NAME": "Malitao",
        "NAME_1": "Isabela",
        "NAME_2": "Echague",
        "NAME_3": "Malitao",
        "MUNICIPALITY": "Echague",
        "PROVINCE": "Isabela",
        "SOURCE": "PSA/GeoRisk BarangayPopMF ArcGIS boundary layer",
        "SOURCE_URL": "https://ulap-nga.georisk.gov.ph/arcgis/rest/services/PSA/BarangayPopMF/MapServer/0",
        "OSM_CENTER_REFERENCE": "OpenStreetMap/Nominatim Echague town point: 16.7053600, 121.6749455",
        "PSA_BRGY_NAME": "Malitao"
      }
    },
    {
      "type": "Feature",
      "id": 26147,
      "geometry": {
        "type": "Polygon",
        "coordinates": [
          [
            [
              121.7992838460001,
              16.696692296000037
            ],
            [
              121.79260722100003,
              16.700030609000066
            ],
            [
              121.78300232200002,
              16.704935155000044
            ],
            [
              121.78301827900009,
              16.69922850200004
            ],
            [
              121.783012514,
              16.696994102000076
            ],
            [
              121.77443916600009,
              16.693172323000056
            ],
            [
              121.77473741100005,
              16.692787977000023
            ],
            [
              121.77484361400002,
              16.69251838400004
            ],
            [
              121.77468022500011,
              16.692354995000073
            ],
            [
              121.77441063200001,
              16.692158927000037
            ],
            [
              121.77436978500009,
              16.69188116500004
            ],
            [
              121.7743779540001,
              16.69157889400003
            ],
            [
              121.77422273400009,
              16.691464521000057
            ],
            [
              121.77396948000012,
              16.69148086000007
            ],
            [
              121.7736508700001,
              16.691562555000075
            ],
            [
              121.77356100600002,
              16.691399165000064
            ],
            [
              121.77363453100008,
              16.691154081000036
            ],
            [
              121.77378158200008,
              16.690998861000025
            ],
            [
              121.77386327700003,
              16.690639404000024
            ],
            [
              121.77381426000011,
              16.690443336000044
            ],
            [
              121.7736508700001,
              16.690394320000053
            ],
            [
              121.77349565000009,
              16.69036981100004
            ],
            [
              121.77320971900008,
              16.690361642000028
            ],
            [
              121.77304632900007,
              16.690206422000074
            ],
            [
              121.77306266800008,
              16.689912320000076
            ],
            [
              121.77307900700009,
              16.689699914000073
            ],
            [
              121.77289927800007,
              16.689650897000035
            ],
            [
              121.77269811100007,
              16.689650897000035
            ],
            [
              121.77267053300011,
              16.689650897000035
            ],
            [
              121.77254799100001,
              16.68967540500006
            ],
            [
              121.77238460100011,
              16.68967540500006
            ],
            [
              121.77225388900001,
              16.689618219000067
            ],
            [
              121.77226205900001,
              16.689446660000044
            ],
            [
              121.77239277100011,
              16.68938130400005
            ],
            [
              121.77248263500007,
              16.689250592000064
            ],
            [
              121.77261334700006,
              16.689111711000066
            ],
            [
              121.77259700800005,
              16.688964661000057
            ],
            [
              121.77248263500007,
              16.68883394900007
            ],
            [
              121.77227839800003,
              16.68883394900007
            ],
            [
              121.77214768600004,
              16.68898100000007
            ],
            [
              121.77200063600003,
              16.689087203000042
            ],
            [
              121.771829077,
              16.689111711000066
            ],
            [
              121.77169019500002,
              16.689046355000073
            ],
            [
              121.771820907,
              16.68884211900007
            ],
            [
              121.77200880500004,
              16.688711407000028
            ],
            [
              121.7720823300001,
              16.688588865000042
            ],
            [
              121.7720905000001,
              16.688417306000076
            ],
            [
              121.77200880500004,
              16.688311102000057
            ],
            [
              121.77187809300005,
              16.688311102000057
            ],
            [
              121.77162484000007,
              16.68836828900004
            ],
            [
              121.77129806000005,
              16.688409136000075
            ],
            [
              121.77111833200001,
              16.688196730000072
            ],
            [
              121.77097945100002,
              16.68807418700004
            ],
            [
              121.77088141700006,
              16.687910798000075
            ],
            [
              121.77070985800003,
              16.687739239000052
            ],
            [
              121.77045660400006,
              16.687355273000037
            ],
            [
              121.77013799400004,
              16.687142867000034
            ],
            [
              121.76984389300003,
              16.68702032500005
            ],
            [
              121.769672334,
              16.686791579000044
            ],
            [
              121.76954162200002,
              16.686472970000068
            ],
            [
              121.76911680900002,
              16.686456631000055
            ],
            [
              121.76896158900001,
              16.68671805400004
            ],
            [
              121.76874918300007,
              16.686807918000056
            ],
            [
              121.76861847100008,
              16.68703666400006
            ],
            [
              121.76820182800009,
              16.686971308000068
            ],
            [
              121.76804660800008,
              16.686816088000057
            ],
            [
              121.76761362500008,
              16.686693545000026
            ],
            [
              121.76745023600006,
              16.68642395300003
            ],
            [
              121.76740938800003,
              16.685933784000042
            ],
            [
              121.76719698200009,
              16.685590666000053
            ],
            [
              121.76698457500004,
              16.68553347900007
            ],
            [
              121.76676399900009,
              16.685435446000042
            ],
            [
              121.76655159300003,
              16.68522303900005
            ],
            [
              121.76650257600011,
              16.684961616000066
            ],
            [
              121.76646172900007,
              16.68472470100005
            ],
            [
              121.76612678000004,
              16.684602159000065
            ],
            [
              121.76600423800005,
              16.68438158300006
            ],
            [
              121.76602057700006,
              16.684128329000032
            ],
            [
              121.7660695940001,
              16.68377704100004
            ],
            [
              121.76585054500003,
              16.683597887000076
            ],
            [
              121.766812619,
              16.681307464000042
            ],
            [
              121.7675139700001,
              16.680295675000025
            ],
            [
              121.77127738800004,
              16.67966079200005
            ],
            [
              121.77589461200012,
              16.68131309000006
            ],
            [
              121.77673906000007,
              16.681127724000078
            ],
            [
              121.77758350700003,
              16.681292494000047
            ],
            [
              121.77801602900001,
              16.681622034000043
            ],
            [
              121.77964313400003,
              16.677605761000052
            ],
            [
              121.77966373100003,
              16.67707025800007
            ],
            [
              121.7802816190001,
              16.676061040000036
            ],
            [
              121.78092010300008,
              16.675628518000053
            ],
            [
              121.78106427700004,
              16.674784071000033
            ],
            [
              121.78100248900012,
              16.67375425700004
            ],
            [
              121.78632943000002,
              16.66514565400007
            ],
            [
              121.79745864400002,
              16.665420546000064
            ],
            [
              121.80411885700005,
              16.665401148000058
            ],
            [
              121.80795364100004,
              16.664513149000072
            ],
            [
              121.80978123600005,
              16.666715219000025
            ],
            [
              121.81136517200002,
              16.668916956000032
            ],
            [
              121.8138507330001,
              16.671683562000055
            ],
            [
              121.81558557300002,
              16.675256795000053
            ],
            [
              121.81182018800007,
              16.68127759300006
            ],
            [
              121.81071303600004,
              16.68145295100004
            ],
            [
              121.8060095190001,
              16.682328049000034
            ],
            [
              121.79790157600007,
              16.684987587000023
            ],
            [
              121.79741507400001,
              16.68960935100006
            ],
            [
              121.7960042200001,
              16.692285109000068
            ],
            [
              121.7992838460001,
              16.696692296000037
            ]
          ]
        ]
      },
      "properties": {
        "objectid": 26147,
        "gthcode": "8010231120320000",
        "reg_name": "Region II (Cagayan Valley)",
        "prov_name": "Isabela",
        "city_name": "Echague",
        "brgy_name": "Narra",
        "reg_code": "020000000",
        "prov_code": "023100000",
        "city_code": "023112000",
        "brgy_code": "023112032",
        "psgc_10d": "0203112032",
        "geographic_level": "Bgy",
        "old_names": "",
        "class": "Municipality",
        "income_class": "",
        "urban_rural2015": "R",
        "bgypop2015": 2072,
        "bgypop2020": 2066,
        "bgyarea_sqkm": 11.716055789999999,
        "gida": "No",
        "gida_yr": null,
        "name": "Narra",
        "Barangay": "Narra",
        "BRGY_NAME": "Narra",
        "NAME_1": "Isabela",
        "NAME_2": "Echague",
        "NAME_3": "Narra",
        "MUNICIPALITY": "Echague",
        "PROVINCE": "Isabela",
        "SOURCE": "PSA/GeoRisk BarangayPopMF ArcGIS boundary layer",
        "SOURCE_URL": "https://ulap-nga.georisk.gov.ph/arcgis/rest/services/PSA/BarangayPopMF/MapServer/0",
        "OSM_CENTER_REFERENCE": "OpenStreetMap/Nominatim Echague town point: 16.7053600, 121.6749455",
        "PSA_BRGY_NAME": "Narra"
      }
    },
    {
      "type": "Feature",
      "id": 26542,
      "geometry": {
        "type": "Polygon",
        "coordinates": [
          [
            [
              121.75567103700007,
              16.612316039000063
            ],
            [
              121.75557854400006,
              16.616200737000042
            ],
            [
              121.75443280000002,
              16.620844223000063
            ],
            [
              121.75753386300005,
              16.623789760000022
            ],
            [
              121.75564896700007,
              16.631023687000038
            ],
            [
              121.75310479500001,
              16.63491605400003
            ],
            [
              121.74790740800006,
              16.63271110200003
            ],
            [
              121.74460936900005,
              16.632582462000073
            ],
            [
              121.74202753600002,
              16.63244860800006
            ],
            [
              121.7372435750001,
              16.631804948000024
            ],
            [
              121.73700596700007,
              16.632055061000074
            ],
            [
              121.73663079700009,
              16.631717408000043
            ],
            [
              121.73619309900005,
              16.631654880000042
            ],
            [
              121.73626813300007,
              16.631955016000063
            ],
            [
              121.73639318900007,
              16.632180118000065
            ],
            [
              121.73646822400008,
              16.63248025400003
            ],
            [
              121.73703097900011,
              16.63261781600005
            ],
            [
              121.73685589900003,
              16.632830413000022
            ],
            [
              121.73664330300005,
              16.632667839000078
            ],
            [
              121.73628063800004,
              16.63274287300004
            ],
            [
              121.73616808700001,
              16.632992986000033
            ],
            [
              121.73623061600006,
              16.633205583000063
            ],
            [
              121.73679337100009,
              16.633205583000063
            ],
            [
              121.73668082000006,
              16.633430685000064
            ],
            [
              121.73613057000011,
              16.633480708000036
            ],
            [
              121.73545526400005,
              16.63396842900005
            ],
            [
              121.73534271300002,
              16.633205583000063
            ],
            [
              121.73504257700006,
              16.63301799800007
            ],
            [
              121.73467991200005,
              16.63308052600007
            ],
            [
              121.73419219100003,
              16.633580753000047
            ],
            [
              121.73361693000004,
              16.63390590000006
            ],
            [
              121.73324143900004,
              16.63385485500004
            ],
            [
              121.73256946300012,
              16.63385485500004
            ],
            [
              121.73256025800003,
              16.633431418000043
            ],
            [
              121.73197112800005,
              16.633247315000062
            ],
            [
              121.73199874400007,
              16.632980366000027
            ],
            [
              121.73190669200005,
              16.63259375000007
            ],
            [
              121.73209079500009,
              16.63249249300003
            ],
            [
              121.73215523100009,
              16.632253159000072
            ],
            [
              121.73196192300009,
              16.632013826000048
            ],
            [
              121.73159371700001,
              16.632326801000033
            ],
            [
              121.7313727940001,
              16.632032236000043
            ],
            [
              121.73162133300002,
              16.63182051800004
            ],
            [
              121.73158451200004,
              16.63140628600007
            ],
            [
              121.73140961500008,
              16.631185362000053
            ],
            [
              121.73115187000008,
              16.631212978000065
            ],
            [
              121.73095856200007,
              16.63145231200002
            ],
            [
              121.73086651100004,
              16.631700851000062
            ],
            [
              121.73062717700009,
              16.63196780000004
            ],
            [
              121.73041545900003,
              16.632032236000043
            ],
            [
              121.73022215100002,
              16.631829723000067
            ],
            [
              121.73012089400004,
              16.63156277300004
            ],
            [
              121.73034181800006,
              16.631507543000055
            ],
            [
              121.73066399800007,
              16.63124059300003
            ],
            [
              121.73048910000011,
              16.631102516000055
            ],
            [
              121.73006566300012,
              16.631212978000065
            ],
            [
              121.72964624200006,
              16.63118431500004
            ],
            [
              121.7294213030001,
              16.630992054000046
            ],
            [
              121.72939368800007,
              16.630513387000065
            ],
            [
              121.72914514900003,
              16.630448951000062
            ],
            [
              121.72872171200004,
              16.63056861800004
            ],
            [
              121.72862966100001,
              16.630448951000062
            ],
            [
              121.72882296900002,
              16.63031087400003
            ],
            [
              121.72908071300003,
              16.630218822000074
            ],
            [
              121.72913594400006,
              16.63001630900004
            ],
            [
              121.72906221200003,
              16.629863900000032
            ],
            [
              121.72882296900002,
              16.629823001000034
            ],
            [
              121.72865593100005,
              16.63011782600006
            ],
            [
              121.7281734720001,
              16.630168611000045
            ],
            [
              121.72837661200003,
              16.62960997400006
            ],
            [
              121.72845279,
              16.629152908000037
            ],
            [
              121.72771640500002,
              16.629152908000037
            ],
            [
              121.72720855300008,
              16.629229086000066
            ],
            [
              121.72725933900006,
              16.62864505600004
            ],
            [
              121.72741169400001,
              16.628162597000028
            ],
            [
              121.72769101300003,
              16.62821338200007
            ],
            [
              121.72812268700011,
              16.628518093000025
            ],
            [
              121.72822425700008,
              16.628086419000056
            ],
            [
              121.72860514600006,
              16.627908671000057
            ],
            [
              121.72875750100002,
              16.627350034000074
            ],
            [
              121.72830043500005,
              16.627324642000076
            ],
            [
              121.72840200500002,
              16.626969145000032
            ],
            [
              121.7285035750001,
              16.626613649000035
            ],
            [
              121.72791954600007,
              16.626258153000038
            ],
            [
              121.72819886400009,
              16.626004227000067
            ],
            [
              121.72865593100005,
              16.626207368000053
            ],
            [
              121.7288336790001,
              16.62572490900004
            ],
            [
              121.72992556000008,
              16.624709205000045
            ],
            [
              121.72979859700001,
              16.624252139000077
            ],
            [
              121.72997634500007,
              16.623718894000035
            ],
            [
              121.72992556000008,
              16.62333800600004
            ],
            [
              121.73017948600011,
              16.62285554600004
            ],
            [
              121.72977320500001,
              16.621890628000074
            ],
            [
              121.72936692300004,
              16.62158591700006
            ],
            [
              121.72888446400009,
              16.621408169000063
            ],
            [
              121.72893524900007,
              16.620900317000064
            ],
            [
              121.72822425700008,
              16.620747962000053
            ],
            [
              121.72736090900003,
              16.62095110300004
            ],
            [
              121.72723394600007,
              16.620392466000055
            ],
            [
              121.72982399000011,
              16.61803095500005
            ],
            [
              121.73037241600002,
              16.617141496000045
            ],
            [
              121.7304559260001,
              16.61590301900003
            ],
            [
              121.73115449300008,
              16.61143219400003
            ],
            [
              121.7320626290001,
              16.609441279000066
            ],
            [
              121.73216741400006,
              16.608847498000046
            ],
            [
              121.73552053300011,
              16.61073362700006
            ],
            [
              121.74152820400002,
              16.610524057000077
            ],
            [
              121.7481413920001,
              16.611807146000046
            ],
            [
              121.75057651400004,
              16.61145613700006
            ],
            [
              121.7535437030001,
              16.611899822000055
            ],
            [
              121.75567103700007,
              16.612316039000063
            ]
          ]
        ]
      },
      "properties": {
        "objectid": 26542,
        "gthcode": "8010231120330000",
        "reg_name": "Region II (Cagayan Valley)",
        "prov_name": "Isabela",
        "city_name": "Echague",
        "brgy_name": "Nilumisu",
        "reg_code": "020000000",
        "prov_code": "023100000",
        "city_code": "023112000",
        "brgy_code": "023112033",
        "psgc_10d": "0203112033",
        "geographic_level": "Bgy",
        "old_names": "",
        "class": "Municipality",
        "income_class": "",
        "urban_rural2015": "R",
        "bgypop2015": 1001,
        "bgypop2020": 1038,
        "bgyarea_sqkm": 6.7972116300000005,
        "gida": "Yes",
        "gida_yr": "2023",
        "name": "Nilumisu",
        "Barangay": "Nilumisu",
        "BRGY_NAME": "Nilumisu",
        "NAME_1": "Isabela",
        "NAME_2": "Echague",
        "NAME_3": "Nilumisu",
        "MUNICIPALITY": "Echague",
        "PROVINCE": "Isabela",
        "SOURCE": "PSA/GeoRisk BarangayPopMF ArcGIS boundary layer",
        "SOURCE_URL": "https://ulap-nga.georisk.gov.ph/arcgis/rest/services/PSA/BarangayPopMF/MapServer/0",
        "OSM_CENTER_REFERENCE": "OpenStreetMap/Nominatim Echague town point: 16.7053600, 121.6749455",
        "PSA_BRGY_NAME": "Nilumisu"
      }
    },
    {
      "type": "Feature",
      "id": 27192,
      "geometry": {
        "type": "Polygon",
        "coordinates": [
          [
            [
              121.74893221900004,
              16.711092519000033
            ],
            [
              121.74164762500004,
              16.712630361000038
            ],
            [
              121.74093853600004,
              16.71266204500006
            ],
            [
              121.73752158600007,
              16.71274244400007
            ],
            [
              121.73470762700003,
              16.713667031000057
            ],
            [
              121.73149567300004,
              16.713793542000076
            ],
            [
              121.7311700790001,
              16.713827828000035
            ],
            [
              121.72876989100007,
              16.71379747900005
            ],
            [
              121.72838316800005,
              16.71188827700007
            ],
            [
              121.72730039200007,
              16.708815307000066
            ],
            [
              121.72656038600007,
              16.707893368000043
            ],
            [
              121.72535793400004,
              16.707005949000063
            ],
            [
              121.72430907800003,
              16.705912624000064
            ],
            [
              121.72318836700003,
              16.705029566000064
            ],
            [
              121.72166236100009,
              16.704077634000043
            ],
            [
              121.7191753520001,
              16.702612741000053
            ],
            [
              121.71781734400008,
              16.701435822000064
            ],
            [
              121.71632133500009,
              16.700140911000062
            ],
            [
              121.71357339200006,
              16.69896521000004
            ],
            [
              121.7137224820001,
              16.69810261500004
            ],
            [
              121.7137224820001,
              16.697857681000073
            ],
            [
              121.71382897500007,
              16.697538202000032
            ],
            [
              121.71402066300004,
              16.697229372000038
            ],
            [
              121.71428689600009,
              16.697229372000038
            ],
            [
              121.71444663500006,
              16.697303917000056
            ],
            [
              121.71449988200004,
              16.697410410000032
            ],
            [
              121.71447858300007,
              16.69762339700003
            ],
            [
              121.71438273900003,
              16.69787898000004
            ],
            [
              121.71436144100005,
              16.698134563000053
            ],
            [
              121.71469156900002,
              16.69829430300007
            ],
            [
              121.71492585400006,
              16.69834755000005
            ],
            [
              121.71513884000001,
              16.698198459000025
            ],
            [
              121.71524533400009,
              16.697985473000074
            ],
            [
              121.71514949000004,
              16.697644695000065
            ],
            [
              121.71495780200007,
              16.697421060000067
            ],
            [
              121.71488325700011,
              16.697037685000055
            ],
            [
              121.7151920870001,
              16.696771452000064
            ],
            [
              121.7156713060001,
              16.69646262200007
            ],
            [
              121.7158097470001,
              16.69627093400004
            ],
            [
              121.7155009170001,
              16.696015351000028
            ],
            [
              121.71524533400009,
              16.695749118000037
            ],
            [
              121.71525598300002,
              16.69552548300004
            ],
            [
              121.71546896900009,
              16.695344444000057
            ],
            [
              121.71571390300005,
              16.695365743000025
            ],
            [
              121.7158949410001,
              16.69526989900004
            ],
            [
              121.71638481000002,
              16.695014316000027
            ],
            [
              121.71653390000006,
              16.694886524000026
            ],
            [
              121.71667234100005,
              16.694684187000064
            ],
            [
              121.71675753500006,
              16.694584465000048
            ],
            [
              121.72887553500004,
              16.691993195000066
            ],
            [
              121.73530290200006,
              16.691561316000048
            ],
            [
              121.73535371100002,
              16.69072296400003
            ],
            [
              121.73517587900005,
              16.690164062000065
            ],
            [
              121.73469319100002,
              16.690087849000065
            ],
            [
              121.73385483900006,
              16.690087849000065
            ],
            [
              121.73382943400009,
              16.689351115000022
            ],
            [
              121.7332959370001,
              16.689452733000053
            ],
            [
              121.73349917400003,
              16.688690595000025
            ],
            [
              121.73266082200007,
              16.68907166400004
            ],
            [
              121.73205111100003,
              16.688893832000076
            ],
            [
              121.73245758500002,
              16.688563572000078
            ],
            [
              121.73240677600006,
              16.68820790700005
            ],
            [
              121.73248299000011,
              16.687776029000077
            ],
            [
              121.73212732500008,
              16.687572792000026
            ],
            [
              121.73141599600001,
              16.687369555000032
            ],
            [
              121.73108573600007,
              16.686886867000055
            ],
            [
              121.7315684240001,
              16.686404180000068
            ],
            [
              121.73149221000006,
              16.68597230100005
            ],
            [
              121.73139059100004,
              16.685413400000073
            ],
            [
              121.7318478740001,
              16.685235568000053
            ],
            [
              121.73220353900001,
              16.684879903000024
            ],
            [
              121.73139059100004,
              16.684549643000025
            ],
            [
              121.73062845300001,
              16.68399074200005
            ],
            [
              121.73001874200008,
              16.683126985000058
            ],
            [
              121.73039981200009,
              16.68254267900005
            ],
            [
              121.73106033200008,
              16.682314037000026
            ],
            [
              121.73032359800004,
              16.68175513600005
            ],
            [
              121.72968848200003,
              16.681628113000045
            ],
            [
              121.73001874200008,
              16.680942188000074
            ],
            [
              121.73019657500004,
              16.68038328700004
            ],
            [
              121.72966307800004,
              16.679976813000053
            ],
            [
              121.72963182600006,
              16.679518983000037
            ],
            [
              121.72990838200008,
              16.679518983000037
            ],
            [
              121.73052161400005,
              16.679579104000027
            ],
            [
              121.73082221800007,
              16.679518983000037
            ],
            [
              121.73094246000005,
              16.679278500000066
            ],
            [
              121.73083424200001,
              16.67901396800005
            ],
            [
              121.73062983200009,
              16.678797533000022
            ],
            [
              121.73028113100008,
              16.678797533000022
            ],
            [
              121.7297881400001,
              16.67888170200007
            ],
            [
              121.72953605500004,
              16.678528750000055
            ],
            [
              121.7298663150001,
              16.67832551300006
            ],
            [
              121.73052683500009,
              16.678274704000046
            ],
            [
              121.73100952200002,
              16.678452536000066
            ],
            [
              121.73494707300006,
              16.678920314000038
            ],
            [
              121.73791896500006,
              16.678959939000038
            ],
            [
              121.73934547300007,
              16.677691932000073
            ],
            [
              121.74235699000008,
              16.678048559000047
            ],
            [
              121.74453637800002,
              16.678207060000034
            ],
            [
              121.75077073300008,
              16.676344163000067
            ],
            [
              121.75287646200002,
              16.68458549500002
            ],
            [
              121.75383116100011,
              16.688194090000025
            ],
            [
              121.75302171800001,
              16.69297940900003
            ],
            [
              121.7519825170001,
              16.696626416000072
            ],
            [
              121.75029606100009,
              16.700811245000068
            ],
            [
              121.7500162990001,
              16.70336407900004
            ],
            [
              121.74921198200002,
              16.70647643700005
            ],
            [
              121.74893221900004,
              16.711092519000033
            ]
          ]
        ]
      },
      "properties": {
        "objectid": 27192,
        "gthcode": "8010231120340000",
        "reg_name": "Region II (Cagayan Valley)",
        "prov_name": "Isabela",
        "city_name": "Echague",
        "brgy_name": "Pag-asa",
        "reg_code": "020000000",
        "prov_code": "023100000",
        "city_code": "023112000",
        "brgy_code": "023112034",
        "psgc_10d": "0203112034",
        "geographic_level": "Bgy",
        "old_names": "",
        "class": "Municipality",
        "income_class": "",
        "urban_rural2015": "R",
        "bgypop2015": 1664,
        "bgypop2020": 1753,
        "bgyarea_sqkm": 10.61924178,
        "gida": "No",
        "gida_yr": null,
        "name": "Pag-asa",
        "Barangay": "Pag-asa",
        "BRGY_NAME": "Pag-asa",
        "NAME_1": "Isabela",
        "NAME_2": "Echague",
        "NAME_3": "Pag-asa",
        "MUNICIPALITY": "Echague",
        "PROVINCE": "Isabela",
        "SOURCE": "PSA/GeoRisk BarangayPopMF ArcGIS boundary layer",
        "SOURCE_URL": "https://ulap-nga.georisk.gov.ph/arcgis/rest/services/PSA/BarangayPopMF/MapServer/0",
        "OSM_CENTER_REFERENCE": "OpenStreetMap/Nominatim Echague town point: 16.7053600, 121.6749455",
        "PSA_BRGY_NAME": "Pag-asa"
      }
    },
    {
      "type": "Feature",
      "id": 27978,
      "geometry": {
        "type": "Polygon",
        "coordinates": [
          [
            [
              121.68674224600011,
              16.616257404000066
            ],
            [
              121.68481552200001,
              16.618452974000036
            ],
            [
              121.68333687300003,
              16.619259509000074
            ],
            [
              121.6807757570001,
              16.619456064000076
            ],
            [
              121.67984188500009,
              16.619617970000036
            ],
            [
              121.67916977200002,
              16.62118623400005
            ],
            [
              121.67854246600007,
              16.62562218000005
            ],
            [
              121.6774670850001,
              16.628758708000078
            ],
            [
              121.66823485600003,
              16.627942133000033
            ],
            [
              121.65444682100008,
              16.625457881000045
            ],
            [
              121.6552398120001,
              16.62437894100003
            ],
            [
              121.65570580200006,
              16.623110015000066
            ],
            [
              121.65587378400005,
              16.620692161000022
            ],
            [
              121.65222076200007,
              16.618147110000052
            ],
            [
              121.6474924470001,
              16.614934378000044
            ],
            [
              121.64640997200001,
              16.610472482000034
            ],
            [
              121.64546668300011,
              16.606149118000076
            ],
            [
              121.64781668600006,
              16.606819061000067
            ],
            [
              121.65108168800009,
              16.607305009000072
            ],
            [
              121.65249368800005,
              16.607497987000045
            ],
            [
              121.65469069000005,
              16.607935946000055
            ],
            [
              121.65928369500011,
              16.60902384800005
            ],
            [
              121.66203769900005,
              16.609909775000062
            ],
            [
              121.66884154000002,
              16.608425561000047
            ],
            [
              121.67618755700005,
              16.605879523000056
            ],
            [
              121.67654018700011,
              16.604834098000026
            ],
            [
              121.67912638700011,
              16.605724940000073
            ],
            [
              121.68345868200004,
              16.604817957000023
            ],
            [
              121.6877053400001,
              16.604917294000074
            ],
            [
              121.69056293000006,
              16.607224337000048
            ],
            [
              121.6924636760001,
              16.609578584000076
            ],
            [
              121.69292568700007,
              16.612359148000053
            ],
            [
              121.69274645700011,
              16.614375487000075
            ],
            [
              121.6909093480001,
              16.615854136000053
            ],
            [
              121.68674224600011,
              16.616257404000066
            ]
          ]
        ]
      },
      "properties": {
        "objectid": 27978,
        "gthcode": "8010231120360000",
        "reg_name": "Region II (Cagayan Valley)",
        "prov_name": "Isabela",
        "city_name": "Echague",
        "brgy_name": "Pangal Norte",
        "reg_code": "020000000",
        "prov_code": "023100000",
        "city_code": "023112000",
        "brgy_code": "023112036",
        "psgc_10d": "0203112036",
        "geographic_level": "Bgy",
        "old_names": "",
        "class": "Municipality",
        "income_class": "",
        "urban_rural2015": "R",
        "bgypop2015": 1467,
        "bgypop2020": 1561,
        "bgyarea_sqkm": 8.34694614,
        "gida": "No",
        "gida_yr": null,
        "name": "Pangal Norte",
        "Barangay": "Pangal Norte",
        "BRGY_NAME": "Pangal Norte",
        "NAME_1": "Isabela",
        "NAME_2": "Echague",
        "NAME_3": "Pangal Norte",
        "MUNICIPALITY": "Echague",
        "PROVINCE": "Isabela",
        "SOURCE": "PSA/GeoRisk BarangayPopMF ArcGIS boundary layer",
        "SOURCE_URL": "https://ulap-nga.georisk.gov.ph/arcgis/rest/services/PSA/BarangayPopMF/MapServer/0",
        "OSM_CENTER_REFERENCE": "OpenStreetMap/Nominatim Echague town point: 16.7053600, 121.6749455",
        "PSA_BRGY_NAME": "Pangal Norte"
      }
    },
    {
      "type": "Feature",
      "id": 27979,
      "geometry": {
        "type": "Polygon",
        "coordinates": [
          [
            [
              121.67654018700011,
              16.604834098000026
            ],
            [
              121.67618755700005,
              16.605879523000056
            ],
            [
              121.66884154000002,
              16.608425561000047
            ],
            [
              121.66203769900005,
              16.609909775000062
            ],
            [
              121.65928369500011,
              16.60902384800005
            ],
            [
              121.65469069000005,
              16.607935946000055
            ],
            [
              121.65472544800002,
              16.60476828900005
            ],
            [
              121.65502345900006,
              16.602210360000072
            ],
            [
              121.65395558600005,
              16.59774019400004
            ],
            [
              121.6537409010001,
              16.592540196000073
            ],
            [
              121.65410459100008,
              16.591432293000025
            ],
            [
              121.65504829300005,
              16.589669061000052
            ],
            [
              121.6644047740001,
              16.588376641000025
            ],
            [
              121.67096705100005,
              16.586217099000066
            ],
            [
              121.67128989600008,
              16.58822867400005
            ],
            [
              121.67188591900003,
              16.589470387000063
            ],
            [
              121.67193558700001,
              16.591953813000032
            ],
            [
              121.67186108400006,
              16.594462072000056
            ],
            [
              121.67245710600002,
              16.595430608000072
            ],
            [
              121.67275511700007,
              16.598212045000025
            ],
            [
              121.67464252100001,
              16.600571299000023
            ],
            [
              121.67580973100007,
              16.602582874000063
            ],
            [
              121.67654018700011,
              16.604834098000026
            ]
          ]
        ]
      },
      "properties": {
        "objectid": 27979,
        "gthcode": "8010231120370000",
        "reg_name": "Region II (Cagayan Valley)",
        "prov_name": "Isabela",
        "city_name": "Echague",
        "brgy_name": "Pangal Sur",
        "reg_code": "020000000",
        "prov_code": "023100000",
        "city_code": "023112000",
        "brgy_code": "023112037",
        "psgc_10d": "0203112037",
        "geographic_level": "Bgy",
        "old_names": "",
        "class": "Municipality",
        "income_class": "",
        "urban_rural2015": "R",
        "bgypop2015": 1324,
        "bgypop2020": 1254,
        "bgyarea_sqkm": 4.58995165,
        "gida": "No",
        "gida_yr": null,
        "name": "Pangal Sur",
        "Barangay": "Pangal Sur",
        "BRGY_NAME": "Pangal Sur",
        "NAME_1": "Isabela",
        "NAME_2": "Echague",
        "NAME_3": "Pangal Sur",
        "MUNICIPALITY": "Echague",
        "PROVINCE": "Isabela",
        "SOURCE": "PSA/GeoRisk BarangayPopMF ArcGIS boundary layer",
        "SOURCE_URL": "https://ulap-nga.georisk.gov.ph/arcgis/rest/services/PSA/BarangayPopMF/MapServer/0",
        "OSM_CENTER_REFERENCE": "OpenStreetMap/Nominatim Echague town point: 16.7053600, 121.6749455",
        "PSA_BRGY_NAME": "Pangal Sur"
      }
    },
    {
      "type": "Feature",
      "id": 32002,
      "geometry": {
        "type": "Polygon",
        "coordinates": [
          [
            [
              121.70242561700002,
              16.654304615000058
            ],
            [
              121.70017616100006,
              16.657181826000055
            ],
            [
              121.69646194300003,
              16.660059037000053
            ],
            [
              121.69296809000002,
              16.665204196000047
            ],
            [
              121.6856427890001,
              16.670318192000025
            ],
            [
              121.68515491300002,
              16.668549640000037
            ],
            [
              121.68087591900007,
              16.665498155000023
            ],
            [
              121.67688488700003,
              16.663534742000024
            ],
            [
              121.67291007800009,
              16.661620553000034
            ],
            [
              121.66895365200003,
              16.660572063000075
            ],
            [
              121.6704690470001,
              16.65730483300007
            ],
            [
              121.67092518400011,
              16.65465746700005
            ],
            [
              121.67061153100008,
              16.652909973000078
            ],
            [
              121.67092518400011,
              16.649683830000072
            ],
            [
              121.67110441400007,
              16.648518834000072
            ],
            [
              121.67132845200001,
              16.64542711400003
            ],
            [
              121.671373259,
              16.64170808800003
            ],
            [
              121.67105960700007,
              16.639109250000047
            ],
            [
              121.67123883700003,
              16.637137718000076
            ],
            [
              121.67464421000011,
              16.633642730000076
            ],
            [
              121.67744251200008,
              16.62880122300004
            ],
            [
              121.6774670850001,
              16.628758708000078
            ],
            [
              121.67747842300003,
              16.628769976000058
            ],
            [
              121.68522475800012,
              16.63646855500002
            ],
            [
              121.6944281110001,
              16.64041157400004
            ],
            [
              121.70021595300011,
              16.647528221000073
            ],
            [
              121.70101316800003,
              16.651322778000065
            ],
            [
              121.70242561700002,
              16.654304615000058
            ]
          ]
        ]
      },
      "properties": {
        "objectid": 32002,
        "gthcode": "8010231120390000",
        "reg_name": "Region II (Cagayan Valley)",
        "prov_name": "Isabela",
        "city_name": "Echague",
        "brgy_name": "Rumang-ay",
        "reg_code": "020000000",
        "prov_code": "023100000",
        "city_code": "023112000",
        "brgy_code": "023112039",
        "psgc_10d": "0203112039",
        "geographic_level": "Bgy",
        "old_names": "",
        "class": "Municipality",
        "income_class": "",
        "urban_rural2015": "R",
        "bgypop2015": 537,
        "bgypop2020": 658,
        "bgyarea_sqkm": 9.60484255,
        "gida": "No",
        "gida_yr": null,
        "name": "Rumang-ay",
        "Barangay": "Rumang-ay",
        "BRGY_NAME": "Rumang-ay",
        "NAME_1": "Isabela",
        "NAME_2": "Echague",
        "NAME_3": "Rumang-ay",
        "MUNICIPALITY": "Echague",
        "PROVINCE": "Isabela",
        "SOURCE": "PSA/GeoRisk BarangayPopMF ArcGIS boundary layer",
        "SOURCE_URL": "https://ulap-nga.georisk.gov.ph/arcgis/rest/services/PSA/BarangayPopMF/MapServer/0",
        "OSM_CENTER_REFERENCE": "OpenStreetMap/Nominatim Echague town point: 16.7053600, 121.6749455",
        "PSA_BRGY_NAME": "Rumang-ay"
      }
    },
    {
      "type": "Feature",
      "id": 32334,
      "geometry": {
        "type": "Polygon",
        "coordinates": [
          [
            [
              121.71781734400008,
              16.701435822000064
            ],
            [
              121.71487332400011,
              16.704219204000026
            ],
            [
              121.71430315000009,
              16.705056268000078
            ],
            [
              121.71410904800007,
              16.705177582000033
            ],
            [
              121.71327198400002,
              16.704571013000077
            ],
            [
              121.71334477200003,
              16.70436478000005
            ],
            [
              121.71197392800002,
              16.703503454000042
            ],
            [
              121.71191327100007,
              16.70312738100006
            ],
            [
              121.7116827750001,
              16.70283622900007
            ],
            [
              121.7109748360001,
              16.702128363000043
            ],
            [
              121.70938844200009,
              16.700912514000038
            ],
            [
              121.70918001100006,
              16.70098199100005
            ],
            [
              121.7084620810001,
              16.700657765000074
            ],
            [
              121.70731570900011,
              16.700275641000076
            ],
            [
              121.70738518600001,
              16.699673506000067
            ],
            [
              121.70733886800008,
              16.699546131000034
            ],
            [
              121.70675202200005,
              16.69938184800003
            ],
            [
              121.70512987900008,
              16.702459945000044
            ],
            [
              121.69956884500004,
              16.701256365000063
            ],
            [
              121.69810234800002,
              16.700907679000068
            ],
            [
              121.69776559200011,
              16.69886275300007
            ],
            [
              121.69819674900009,
              16.696391893000055
            ],
            [
              121.6984397540001,
              16.692976851000026
            ],
            [
              121.700246547,
              16.693109579000065
            ],
            [
              121.70403210600011,
              16.69323210300007
            ],
            [
              121.70563323500005,
              16.69425311300006
            ],
            [
              121.70837552600005,
              16.69619443600004
            ],
            [
              121.70912004400009,
              16.696699842000044
            ],
            [
              121.71064546700006,
              16.697780239000053
            ],
            [
              121.7115913240001,
              16.69813106600003
            ],
            [
              121.71357339200006,
              16.69896521000004
            ],
            [
              121.71632133500009,
              16.700140911000062
            ],
            [
              121.71781734400008,
              16.701435822000064
            ]
          ]
        ]
      },
      "properties": {
        "objectid": 32334,
        "gthcode": "8010231120400000",
        "reg_name": "Region II (Cagayan Valley)",
        "prov_name": "Isabela",
        "city_name": "Echague",
        "brgy_name": "Salay",
        "reg_code": "020000000",
        "prov_code": "023100000",
        "city_code": "023112000",
        "brgy_code": "023112040",
        "psgc_10d": "0203112040",
        "geographic_level": "Bgy",
        "old_names": "",
        "class": "Municipality",
        "income_class": "",
        "urban_rural2015": "R",
        "bgypop2015": 816,
        "bgypop2020": 990,
        "bgyarea_sqkm": 1.37034779,
        "gida": "No",
        "gida_yr": null,
        "name": "Salay",
        "Barangay": "Salay",
        "BRGY_NAME": "Salay",
        "NAME_1": "Isabela",
        "NAME_2": "Echague",
        "NAME_3": "Salay",
        "MUNICIPALITY": "Echague",
        "PROVINCE": "Isabela",
        "SOURCE": "PSA/GeoRisk BarangayPopMF ArcGIS boundary layer",
        "SOURCE_URL": "https://ulap-nga.georisk.gov.ph/arcgis/rest/services/PSA/BarangayPopMF/MapServer/0",
        "OSM_CENTER_REFERENCE": "OpenStreetMap/Nominatim Echague town point: 16.7053600, 121.6749455",
        "PSA_BRGY_NAME": "Salay"
      }
    },
    {
      "type": "Feature",
      "id": 32466,
      "geometry": {
        "type": "Polygon",
        "coordinates": [
          [
            [
              121.76585054500003,
              16.683597887000076
            ],
            [
              121.76253348800003,
              16.685860410000032
            ],
            [
              121.76183540600005,
              16.688751036000042
            ],
            [
              121.75764381600004,
              16.68900766400003
            ],
            [
              121.75383116100011,
              16.688194090000025
            ],
            [
              121.75287646200002,
              16.68458549500002
            ],
            [
              121.75077073300008,
              16.676344163000067
            ],
            [
              121.75123480600007,
              16.669043815000066
            ],
            [
              121.75282530400011,
              16.665819707000026
            ],
            [
              121.7559379710001,
              16.664622527000063
            ],
            [
              121.7553792870001,
              16.661270424000065
            ],
            [
              121.75857176700003,
              16.65616245600006
            ],
            [
              121.76344029800009,
              16.645547462000025
            ],
            [
              121.77094262500009,
              16.64770238500006
            ],
            [
              121.77636984100002,
              16.64873994100003
            ],
            [
              121.78268897900011,
              16.647024964000025
            ],
            [
              121.7836790130001,
              16.65085913000007
            ],
            [
              121.78405955200003,
              16.653798212000027
            ],
            [
              121.78502259900006,
              16.65651245300006
            ],
            [
              121.78632943000002,
              16.66514565400007
            ],
            [
              121.78100248900012,
              16.67375425700004
            ],
            [
              121.78106427700004,
              16.674784071000033
            ],
            [
              121.78092010300008,
              16.675628518000053
            ],
            [
              121.7802816190001,
              16.676061040000036
            ],
            [
              121.77966373100003,
              16.67707025800007
            ],
            [
              121.77964313400003,
              16.677605761000052
            ],
            [
              121.77801602900001,
              16.681622034000043
            ],
            [
              121.77758350700003,
              16.681292494000047
            ],
            [
              121.77673906000007,
              16.681127724000078
            ],
            [
              121.77589461200012,
              16.68131309000006
            ],
            [
              121.77127738800004,
              16.67966079200005
            ],
            [
              121.7675139700001,
              16.680295675000025
            ],
            [
              121.766812619,
              16.681307464000042
            ],
            [
              121.76585054500003,
              16.683597887000076
            ]
          ]
        ]
      },
      "properties": {
        "objectid": 32466,
        "gthcode": "8010231120410000",
        "reg_name": "Region II (Cagayan Valley)",
        "prov_name": "Isabela",
        "city_name": "Echague",
        "brgy_name": "Salvacion",
        "reg_code": "020000000",
        "prov_code": "023100000",
        "city_code": "023112000",
        "brgy_code": "023112041",
        "psgc_10d": "0203112041",
        "geographic_level": "Bgy",
        "old_names": "",
        "class": "Municipality",
        "income_class": "",
        "urban_rural2015": "R",
        "bgypop2015": 709,
        "bgypop2020": 800,
        "bgyarea_sqkm": 12.15230625,
        "gida": "No",
        "gida_yr": null,
        "name": "Salvacion",
        "Barangay": "Salvacion",
        "BRGY_NAME": "Salvacion",
        "NAME_1": "Isabela",
        "NAME_2": "Echague",
        "NAME_3": "Salvacion",
        "MUNICIPALITY": "Echague",
        "PROVINCE": "Isabela",
        "SOURCE": "PSA/GeoRisk BarangayPopMF ArcGIS boundary layer",
        "SOURCE_URL": "https://ulap-nga.georisk.gov.ph/arcgis/rest/services/PSA/BarangayPopMF/MapServer/0",
        "OSM_CENTER_REFERENCE": "OpenStreetMap/Nominatim Echague town point: 16.7053600, 121.6749455",
        "PSA_BRGY_NAME": "Salvacion"
      }
    },
    {
      "type": "Feature",
      "id": 33064,
      "geometry": {
        "type": "Polygon",
        "coordinates": [
          [
            [
              121.65678482600003,
              16.651683122000065
            ],
            [
              121.65171583900008,
              16.65122627900007
            ],
            [
              121.6461510470001,
              16.652942317000054
            ],
            [
              121.64515894600004,
              16.653976339000053
            ],
            [
              121.64446804700003,
              16.65489216000003
            ],
            [
              121.64278903700006,
              16.65341426200007
            ],
            [
              121.6411950270001,
              16.651890365000042
            ],
            [
              121.63952802200004,
              16.651086426000063
            ],
            [
              121.63669401200002,
              16.649393548000035
            ],
            [
              121.63457200300002,
              16.648102642000026
            ],
            [
              121.63368699800003,
              16.647270698000057
            ],
            [
              121.63192399100001,
              16.646214775000033
            ],
            [
              121.63026711100008,
              16.639306195000074
            ],
            [
              121.62466290900011,
              16.636330463000036
            ],
            [
              121.62535558000002,
              16.632903664000025
            ],
            [
              121.6265290020001,
              16.627429422000034
            ],
            [
              121.62623842000005,
              16.624523598000053
            ],
            [
              121.62569876700002,
              16.62161777400007
            ],
            [
              121.62997447900011,
              16.618587414000046
            ],
            [
              121.6351468470001,
              16.618882412000062
            ],
            [
              121.64306602700003,
              16.616447728000026
            ],
            [
              121.6474924470001,
              16.614934378000044
            ],
            [
              121.65222076200007,
              16.618147110000052
            ],
            [
              121.65587378400005,
              16.620692161000022
            ],
            [
              121.65570580200006,
              16.623110015000066
            ],
            [
              121.6552398120001,
              16.62437894100003
            ],
            [
              121.65444682100008,
              16.625457881000045
            ],
            [
              121.65332483400005,
              16.627168785000038
            ],
            [
              121.65321084000004,
              16.627897741000027
            ],
            [
              121.65337884500002,
              16.62858569800005
            ],
            [
              121.653378857,
              16.63018560100005
            ],
            [
              121.65282987500007,
              16.632640455000058
            ],
            [
              121.65255487900004,
              16.633069431000024
            ],
            [
              121.65240188100006,
              16.633317417000058
            ],
            [
              121.65122689200007,
              16.634708341000078
            ],
            [
              121.65015890400002,
              16.636190258000056
            ],
            [
              121.6499299190001,
              16.63824213500004
            ],
            [
              121.65093693400001,
              16.640321001000075
            ],
            [
              121.65244794700004,
              16.64216187900007
            ],
            [
              121.65420295700005,
              16.643709772000022
            ],
            [
              121.65528596400009,
              16.644785699000067
            ],
            [
              121.65625497100007,
              16.645813630000077
            ],
            [
              121.65730797900005,
              16.646981552000057
            ],
            [
              121.65854831000001,
              16.646365114000048
            ],
            [
              121.65678482600003,
              16.651683122000065
            ]
          ]
        ]
      },
      "properties": {
        "objectid": 33064,
        "gthcode": "8010231120430000",
        "reg_name": "Region II (Cagayan Valley)",
        "prov_name": "Isabela",
        "city_name": "Echague",
        "brgy_name": "San Antonio Minit",
        "reg_code": "020000000",
        "prov_code": "023100000",
        "city_code": "023112000",
        "brgy_code": "023112043",
        "psgc_10d": "0203112043",
        "geographic_level": "Bgy",
        "old_names": "",
        "class": "Municipality",
        "income_class": "",
        "urban_rural2015": "R",
        "bgypop2015": 971,
        "bgypop2020": 1087,
        "bgyarea_sqkm": 10.21621181,
        "gida": "No",
        "gida_yr": null,
        "name": "San Antonio Minit",
        "Barangay": "San Antonio Minit",
        "BRGY_NAME": "San Antonio Minit",
        "NAME_1": "Isabela",
        "NAME_2": "Echague",
        "NAME_3": "San Antonio Minit",
        "MUNICIPALITY": "Echague",
        "PROVINCE": "Isabela",
        "SOURCE": "PSA/GeoRisk BarangayPopMF ArcGIS boundary layer",
        "SOURCE_URL": "https://ulap-nga.georisk.gov.ph/arcgis/rest/services/PSA/BarangayPopMF/MapServer/0",
        "OSM_CENTER_REFERENCE": "OpenStreetMap/Nominatim Echague town point: 16.7053600, 121.6749455",
        "PSA_BRGY_NAME": "San Antonio Minit"
      }
    },
    {
      "type": "Feature",
      "id": 33074,
      "geometry": {
        "type": "Polygon",
        "coordinates": [
          [
            [
              121.70515024000008,
              16.72167999100003
            ],
            [
              121.70441681000011,
              16.722937269000056
            ],
            [
              121.7039245090001,
              16.72323700000004
            ],
            [
              121.70314553600008,
              16.72564045400003
            ],
            [
              121.70207754000012,
              16.72604143700005
            ],
            [
              121.70053654200001,
              16.726138442000035
            ],
            [
              121.69950654600007,
              16.726562423000075
            ],
            [
              121.69626193500005,
              16.725296032000074
            ],
            [
              121.69529764300012,
              16.72360429300005
            ],
            [
              121.6947393690001,
              16.719510284000023
            ],
            [
              121.69404575600004,
              16.718072306000067
            ],
            [
              121.69335214300008,
              16.716871171000037
            ],
            [
              121.69231011400007,
              16.716120956000054
            ],
            [
              121.69537532700008,
              16.716564766000033
            ],
            [
              121.69758964500011,
              16.71673117100005
            ],
            [
              121.6985632410001,
              16.715905939000038
            ],
            [
              121.70016551100002,
              16.71605572200002
            ],
            [
              121.7013503820001,
              16.716272282000034
            ],
            [
              121.70334112700004,
              16.71651481200007
            ],
            [
              121.70397388100002,
              16.717274117000045
            ],
            [
              121.70466991100011,
              16.71955203300007
            ],
            [
              121.70515024000008,
              16.72167999100003
            ]
          ]
        ]
      },
      "properties": {
        "objectid": 33074,
        "gthcode": "8010231120420000",
        "reg_name": "Region II (Cagayan Valley)",
        "prov_name": "Isabela",
        "city_name": "Echague",
        "brgy_name": "San Antonio Ugad",
        "reg_code": "020000000",
        "prov_code": "023100000",
        "city_code": "023112000",
        "brgy_code": "023112042",
        "psgc_10d": "0203112042",
        "geographic_level": "Bgy",
        "old_names": "",
        "class": "Municipality",
        "income_class": "",
        "urban_rural2015": "R",
        "bgypop2015": 618,
        "bgypop2020": 707,
        "bgyarea_sqkm": 1.06385829,
        "gida": "No",
        "gida_yr": null,
        "name": "San Antonio Ugad",
        "Barangay": "San Antonio Ugad",
        "BRGY_NAME": "San Antonio Ugad",
        "NAME_1": "Isabela",
        "NAME_2": "Echague",
        "NAME_3": "San Antonio Ugad",
        "MUNICIPALITY": "Echague",
        "PROVINCE": "Isabela",
        "SOURCE": "PSA/GeoRisk BarangayPopMF ArcGIS boundary layer",
        "SOURCE_URL": "https://ulap-nga.georisk.gov.ph/arcgis/rest/services/PSA/BarangayPopMF/MapServer/0",
        "OSM_CENTER_REFERENCE": "OpenStreetMap/Nominatim Echague town point: 16.7053600, 121.6749455",
        "PSA_BRGY_NAME": "San Antonio Ugad"
      }
    },
    {
      "type": "Feature",
      "id": 33130,
      "geometry": {
        "type": "Polygon",
        "coordinates": [
          [
            [
              121.78268897900011,
              16.647024964000025
            ],
            [
              121.77636984100002,
              16.64873994100003
            ],
            [
              121.77094262500009,
              16.64770238500006
            ],
            [
              121.76344029800009,
              16.645547462000025
            ],
            [
              121.75620934100004,
              16.641059487000064
            ],
            [
              121.75425977000009,
              16.638170983000066
            ],
            [
              121.75310479500001,
              16.63491605400003
            ],
            [
              121.75564896700007,
              16.631023687000038
            ],
            [
              121.75753386300005,
              16.623789760000022
            ],
            [
              121.75443280000002,
              16.620844223000063
            ],
            [
              121.75557854400006,
              16.616200737000042
            ],
            [
              121.75567103700007,
              16.612316039000063
            ],
            [
              121.76529028800007,
              16.61208480700003
            ],
            [
              121.77564948100007,
              16.613657185000022
            ],
            [
              121.7774068440001,
              16.615923258000066
            ],
            [
              121.78203148400007,
              16.615275809000025
            ],
            [
              121.7854537180001,
              16.616431969000075
            ],
            [
              121.78684111000007,
              16.615692026000033
            ],
            [
              121.78931544600005,
              16.616330497000035
            ],
            [
              121.78940007400001,
              16.620978704000038
            ],
            [
              121.7904923960001,
              16.623206809000067
            ],
            [
              121.79058706800004,
              16.62346142100006
            ],
            [
              121.79197776400008,
              16.627197140000078
            ],
            [
              121.79146287800006,
              16.628351059000067
            ],
            [
              121.79077205400006,
              16.629797178000047
            ],
            [
              121.78929574900008,
              16.63404745500003
            ],
            [
              121.78729647600005,
              16.635568164000063
            ],
            [
              121.7843698690001,
              16.637866033000023
            ],
            [
              121.78375472000005,
              16.641627447000076
            ],
            [
              121.78238604900002,
              16.64391275400004
            ],
            [
              121.78268897900011,
              16.647024964000025
            ]
          ]
        ]
      },
      "properties": {
        "objectid": 33130,
        "gthcode": "8010231120440000",
        "reg_name": "Region II (Cagayan Valley)",
        "prov_name": "Isabela",
        "city_name": "Echague",
        "brgy_name": "San Carlos",
        "reg_code": "020000000",
        "prov_code": "023100000",
        "city_code": "023112000",
        "brgy_code": "023112044",
        "psgc_10d": "0203112044",
        "geographic_level": "Bgy",
        "old_names": "",
        "class": "Municipality",
        "income_class": "",
        "urban_rural2015": "R",
        "bgypop2015": 1086,
        "bgypop2020": 1153,
        "bgyarea_sqkm": 12.48509488,
        "gida": "Yes",
        "gida_yr": "2023",
        "name": "San Carlos",
        "Barangay": "San Carlos",
        "BRGY_NAME": "San Carlos",
        "NAME_1": "Isabela",
        "NAME_2": "Echague",
        "NAME_3": "San Carlos",
        "MUNICIPALITY": "Echague",
        "PROVINCE": "Isabela",
        "SOURCE": "PSA/GeoRisk BarangayPopMF ArcGIS boundary layer",
        "SOURCE_URL": "https://ulap-nga.georisk.gov.ph/arcgis/rest/services/PSA/BarangayPopMF/MapServer/0",
        "OSM_CENTER_REFERENCE": "OpenStreetMap/Nominatim Echague town point: 16.7053600, 121.6749455",
        "PSA_BRGY_NAME": "San Carlos"
      }
    },
    {
      "type": "Feature",
      "id": 33211,
      "geometry": {
        "type": "Polygon",
        "coordinates": [
          [
            [
              121.68898282700002,
              16.727104422000025
            ],
            [
              121.6885466650001,
              16.727325733000043
            ],
            [
              121.68619767500002,
              16.728517629000066
            ],
            [
              121.68196241900012,
              16.72789899600002
            ],
            [
              121.67886925500011,
              16.727565886000036
            ],
            [
              121.67477676100009,
              16.726471382000057
            ],
            [
              121.67527553800005,
              16.723323789000062
            ],
            [
              121.67426578700008,
              16.71256068400004
            ],
            [
              121.68111211200005,
              16.709942373000047
            ],
            [
              121.68142065800009,
              16.709942307000063
            ],
            [
              121.68397827500007,
              16.709941757000024
            ],
            [
              121.68600817400011,
              16.71031642400004
            ],
            [
              121.6860306210001,
              16.710320567000053
            ],
            [
              121.68726278700001,
              16.711622478000038
            ],
            [
              121.69231011400007,
              16.716120956000054
            ],
            [
              121.69335214300008,
              16.716871171000037
            ],
            [
              121.69404575600004,
              16.718072306000067
            ],
            [
              121.6947393690001,
              16.719510284000023
            ],
            [
              121.69529764300012,
              16.72360429300005
            ],
            [
              121.69626193500005,
              16.725296032000074
            ],
            [
              121.69475527100008,
              16.726057567000055
            ],
            [
              121.6915288460001,
              16.726824066000063
            ],
            [
              121.68898282700002,
              16.727104422000025
            ]
          ]
        ]
      },
      "properties": {
        "objectid": 33211,
        "gthcode": "8010231120450000",
        "reg_name": "Region II (Cagayan Valley)",
        "prov_name": "Isabela",
        "city_name": "Echague",
        "brgy_name": "San Fabian",
        "reg_code": "020000000",
        "prov_code": "023100000",
        "city_code": "023112000",
        "brgy_code": "023112045",
        "psgc_10d": "0203112045",
        "geographic_level": "Bgy",
        "old_names": "",
        "class": "Municipality",
        "income_class": "",
        "urban_rural2015": "U",
        "bgypop2015": 3363,
        "bgypop2020": 4012,
        "bgyarea_sqkm": 3.58561664,
        "gida": "No",
        "gida_yr": null,
        "name": "San Fabian",
        "Barangay": "San Fabian",
        "BRGY_NAME": "San Fabian",
        "NAME_1": "Isabela",
        "NAME_2": "Echague",
        "NAME_3": "San Fabian",
        "MUNICIPALITY": "Echague",
        "PROVINCE": "Isabela",
        "SOURCE": "PSA/GeoRisk BarangayPopMF ArcGIS boundary layer",
        "SOURCE_URL": "https://ulap-nga.georisk.gov.ph/arcgis/rest/services/PSA/BarangayPopMF/MapServer/0",
        "OSM_CENTER_REFERENCE": "OpenStreetMap/Nominatim Echague town point: 16.7053600, 121.6749455",
        "PSA_BRGY_NAME": "San Fabian"
      }
    },
    {
      "type": "Feature",
      "id": 33216,
      "geometry": {
        "type": "Polygon",
        "coordinates": [
          [
            [
              121.72982399000011,
              16.61803095500005
            ],
            [
              121.72104912600003,
              16.617651557000045
            ],
            [
              121.70430596200003,
              16.621586407000052
            ],
            [
              121.69675718400003,
              16.62053022300006
            ],
            [
              121.68674224600011,
              16.616257404000066
            ],
            [
              121.6909093480001,
              16.615854136000053
            ],
            [
              121.69274645700011,
              16.614375487000075
            ],
            [
              121.69292568700007,
              16.612359148000053
            ],
            [
              121.6924636760001,
              16.609578584000076
            ],
            [
              121.69056293000006,
              16.607224337000048
            ],
            [
              121.6877053400001,
              16.604917294000074
            ],
            [
              121.69279283900005,
              16.600707164000028
            ],
            [
              121.69653914100002,
              16.599788260000025
            ],
            [
              121.69954107300009,
              16.601116148000074
            ],
            [
              121.70319363600004,
              16.60380848500006
            ],
            [
              121.71002533800004,
              16.601901964000035
            ],
            [
              121.71979547400008,
              16.603552577000073
            ],
            [
              121.73216741400006,
              16.608847498000046
            ],
            [
              121.7320626290001,
              16.609441279000066
            ],
            [
              121.73115449300008,
              16.61143219400003
            ],
            [
              121.7304559260001,
              16.61590301900003
            ],
            [
              121.73037241600002,
              16.617141496000045
            ],
            [
              121.72982399000011,
              16.61803095500005
            ]
          ]
        ]
      },
      "properties": {
        "objectid": 33216,
        "gthcode": "8010231120460000",
        "reg_name": "Region II (Cagayan Valley)",
        "prov_name": "Isabela",
        "city_name": "Echague",
        "brgy_name": "San Felipe",
        "reg_code": "020000000",
        "prov_code": "023100000",
        "city_code": "023112000",
        "brgy_code": "023112046",
        "psgc_10d": "0203112046",
        "geographic_level": "Bgy",
        "old_names": "",
        "class": "Municipality",
        "income_class": "",
        "urban_rural2015": "R",
        "bgypop2015": 1337,
        "bgypop2020": 1552,
        "bgyarea_sqkm": 7.7001278399999995,
        "gida": "No",
        "gida_yr": null,
        "name": "San Felipe",
        "Barangay": "San Felipe",
        "BRGY_NAME": "San Felipe",
        "NAME_1": "Isabela",
        "NAME_2": "Echague",
        "NAME_3": "San Felipe",
        "MUNICIPALITY": "Echague",
        "PROVINCE": "Isabela",
        "SOURCE": "PSA/GeoRisk BarangayPopMF ArcGIS boundary layer",
        "SOURCE_URL": "https://ulap-nga.georisk.gov.ph/arcgis/rest/services/PSA/BarangayPopMF/MapServer/0",
        "OSM_CENTER_REFERENCE": "OpenStreetMap/Nominatim Echague town point: 16.7053600, 121.6749455",
        "PSA_BRGY_NAME": "San Felipe"
      }
    },
    {
      "type": "Feature",
      "id": 34135,
      "geometry": {
        "type": "Polygon",
        "coordinates": [
          [
            [
              121.65854831000001,
              16.646365114000048
            ],
            [
              121.65730797900005,
              16.646981552000057
            ],
            [
              121.65625497100007,
              16.645813630000077
            ],
            [
              121.65528596400009,
              16.644785699000067
            ],
            [
              121.65420295700005,
              16.643709772000022
            ],
            [
              121.65244794700004,
              16.64216187900007
            ],
            [
              121.65093693400001,
              16.640321001000075
            ],
            [
              121.6499299190001,
              16.63824213500004
            ],
            [
              121.65015890400002,
              16.636190258000056
            ],
            [
              121.65122689200007,
              16.634708341000078
            ],
            [
              121.65240188100006,
              16.633317417000058
            ],
            [
              121.65255487900004,
              16.633069431000024
            ],
            [
              121.65282987500007,
              16.632640455000058
            ],
            [
              121.653378857,
              16.63018560100005
            ],
            [
              121.65337884500002,
              16.62858569800005
            ],
            [
              121.65321084000004,
              16.627897741000027
            ],
            [
              121.65332483400005,
              16.627168785000038
            ],
            [
              121.65444682100008,
              16.625457881000045
            ],
            [
              121.66823485600003,
              16.627942133000033
            ],
            [
              121.6774670850001,
              16.628758708000078
            ],
            [
              121.67744251200008,
              16.62880122300004
            ],
            [
              121.67464421000011,
              16.633642730000076
            ],
            [
              121.67123883700003,
              16.637137718000076
            ],
            [
              121.67105960700007,
              16.639109250000047
            ],
            [
              121.671373259,
              16.64170808800003
            ],
            [
              121.67132845200001,
              16.64542711400003
            ],
            [
              121.6619349,
              16.646970543000066
            ],
            [
              121.65854831000001,
              16.646365114000048
            ]
          ]
        ]
      },
      "properties": {
        "objectid": 34135,
        "gthcode": "8010231120470000",
        "reg_name": "Region II (Cagayan Valley)",
        "prov_name": "Isabela",
        "city_name": "Echague",
        "brgy_name": "San Juan",
        "reg_code": "020000000",
        "prov_code": "023100000",
        "city_code": "023112000",
        "brgy_code": "023112047",
        "psgc_10d": "0203112047",
        "geographic_level": "Bgy",
        "old_names": "",
        "class": "Municipality",
        "income_class": "",
        "urban_rural2015": "R",
        "bgypop2015": 1103,
        "bgypop2020": 1272,
        "bgyarea_sqkm": 4.68740927,
        "gida": "No",
        "gida_yr": null,
        "name": "San Juan",
        "Barangay": "San Juan",
        "BRGY_NAME": "San Juan",
        "NAME_1": "Isabela",
        "NAME_2": "Echague",
        "NAME_3": "San Juan",
        "MUNICIPALITY": "Echague",
        "PROVINCE": "Isabela",
        "SOURCE": "PSA/GeoRisk BarangayPopMF ArcGIS boundary layer",
        "SOURCE_URL": "https://ulap-nga.georisk.gov.ph/arcgis/rest/services/PSA/BarangayPopMF/MapServer/0",
        "OSM_CENTER_REFERENCE": "OpenStreetMap/Nominatim Echague town point: 16.7053600, 121.6749455",
        "PSA_BRGY_NAME": "San Juan"
      }
    },
    {
      "type": "Feature",
      "id": 34408,
      "geometry": {
        "type": "Polygon",
        "coordinates": [
          [
            [
              121.6474924470001,
              16.614934378000044
            ],
            [
              121.64306602700003,
              16.616447728000026
            ],
            [
              121.6351468470001,
              16.618882412000062
            ],
            [
              121.62997447900011,
              16.618587414000046
            ],
            [
              121.62569876700002,
              16.62161777400007
            ],
            [
              121.62623842000005,
              16.624523598000053
            ],
            [
              121.62272826300011,
              16.62236815500006
            ],
            [
              121.62079379300008,
              16.618678527000043
            ],
            [
              121.62146477900001,
              16.616864632000045
            ],
            [
              121.62094576600009,
              16.61502574800005
            ],
            [
              121.6212287620001,
              16.614458780000064
            ],
            [
              121.62288374900004,
              16.61298885800005
            ],
            [
              121.62407373500002,
              16.611187960000052
            ],
            [
              121.62482172700004,
              16.610086022000075
            ],
            [
              121.62500470400005,
              16.607143199000063
            ],
            [
              121.62782640800003,
              16.60471651100005
            ],
            [
              121.63221191000002,
              16.604771330000062
            ],
            [
              121.6381323380001,
              16.60564843000003
            ],
            [
              121.64142367700003,
              16.604959219000023
            ],
            [
              121.64329267700009,
              16.605138195000052
            ],
            [
              121.64546668300011,
              16.606149118000076
            ],
            [
              121.64640997200001,
              16.610472482000034
            ],
            [
              121.6474924470001,
              16.614934378000044
            ]
          ]
        ]
      },
      "properties": {
        "objectid": 34408,
        "gthcode": "8010231120480000",
        "reg_name": "Region II (Cagayan Valley)",
        "prov_name": "Isabela",
        "city_name": "Echague",
        "brgy_name": "San Manuel",
        "reg_code": "020000000",
        "prov_code": "023100000",
        "city_code": "023112000",
        "brgy_code": "023112048",
        "psgc_10d": "0203112048",
        "geographic_level": "Bgy",
        "old_names": "",
        "class": "Municipality",
        "income_class": "",
        "urban_rural2015": "R",
        "bgypop2015": 1308,
        "bgypop2020": 1344,
        "bgyarea_sqkm": 3.7570145900000003,
        "gida": "No",
        "gida_yr": null,
        "name": "San Manuel",
        "Barangay": "San Manuel",
        "BRGY_NAME": "San Manuel",
        "NAME_1": "Isabela",
        "NAME_2": "Echague",
        "NAME_3": "San Manuel",
        "MUNICIPALITY": "Echague",
        "PROVINCE": "Isabela",
        "SOURCE": "PSA/GeoRisk BarangayPopMF ArcGIS boundary layer",
        "SOURCE_URL": "https://ulap-nga.georisk.gov.ph/arcgis/rest/services/PSA/BarangayPopMF/MapServer/0",
        "OSM_CENTER_REFERENCE": "OpenStreetMap/Nominatim Echague town point: 16.7053600, 121.6749455",
        "PSA_BRGY_NAME": "San Manuel"
      }
    },
    {
      "type": "Feature",
      "id": 34508,
      "geometry": {
        "type": "Polygon",
        "coordinates": [
          [
            [
              121.92367825100007,
              16.656820237000034
            ],
            [
              121.91712081300011,
              16.65946843300003
            ],
            [
              121.90577140100004,
              16.658333492000054
            ],
            [
              121.89934006700003,
              16.65858570100005
            ],
            [
              121.8923496430001,
              16.658838282000033
            ],
            [
              121.9018858930001,
              16.645406944000058
            ],
            [
              121.90198137000004,
              16.64210219100005
            ],
            [
              121.90242314700004,
              16.638624119000042
            ],
            [
              121.90155470100001,
              16.63430562900004
            ],
            [
              121.90124965600012,
              16.628250000000037
            ],
            [
              121.90074664400004,
              16.626534108000044
            ],
            [
              121.88884452100001,
              16.608760274000076
            ],
            [
              121.91646330300011,
              16.621016474000044
            ],
            [
              121.9224375010001,
              16.620502443000078
            ],
            [
              121.92912091800008,
              16.619513614000027
            ],
            [
              121.93609786100001,
              16.616946841000072
            ],
            [
              121.94080649400007,
              16.612657599000045
            ],
            [
              121.94672391600011,
              16.605486788000064
            ],
            [
              121.948198735,
              16.597656836000056
            ],
            [
              121.9495980800001,
              16.592628438000077
            ],
            [
              121.95416251000006,
              16.586677285000064
            ],
            [
              121.95596719600007,
              16.58021690100003
            ],
            [
              121.95652204700002,
              16.575427389000026
            ],
            [
              121.96127912500003,
              16.550410062000026
            ],
            [
              121.97986336300005,
              16.53588797900005
            ],
            [
              121.99295166700006,
              16.530570855000065
            ],
            [
              122.0177337130001,
              16.517024527000046
            ],
            [
              122.04857117800009,
              16.534737880000023
            ],
            [
              122.01543875300001,
              16.568200300000058
            ],
            [
              121.98030682300009,
              16.60873714300004
            ],
            [
              121.95016021300012,
              16.655180877000078
            ],
            [
              121.93717144100003,
              16.656063609000057
            ],
            [
              121.93351440800006,
              16.655054773000074
            ],
            [
              121.92367825100007,
              16.656820237000034
            ]
          ]
        ]
      },
      "properties": {
        "objectid": 34508,
        "gthcode": "8010231120490000",
        "reg_name": "Region II (Cagayan Valley)",
        "prov_name": "Isabela",
        "city_name": "Echague",
        "brgy_name": "San Miguel",
        "reg_code": "020000000",
        "prov_code": "023100000",
        "city_code": "023112000",
        "brgy_code": "023112049",
        "psgc_10d": "0203112049",
        "geographic_level": "Bgy",
        "old_names": "",
        "class": "Municipality",
        "income_class": "",
        "urban_rural2015": "R",
        "bgypop2015": 669,
        "bgypop2020": 809,
        "bgyarea_sqkm": 88.1430909,
        "gida": "Yes",
        "gida_yr": "2023",
        "name": "San Miguel",
        "Barangay": "San Miguel",
        "BRGY_NAME": "San Miguel",
        "NAME_1": "Isabela",
        "NAME_2": "Echague",
        "NAME_3": "San Miguel",
        "MUNICIPALITY": "Echague",
        "PROVINCE": "Isabela",
        "SOURCE": "PSA/GeoRisk BarangayPopMF ArcGIS boundary layer",
        "SOURCE_URL": "https://ulap-nga.georisk.gov.ph/arcgis/rest/services/PSA/BarangayPopMF/MapServer/0",
        "OSM_CENTER_REFERENCE": "OpenStreetMap/Nominatim Echague town point: 16.7053600, 121.6749455",
        "PSA_BRGY_NAME": "San Miguel"
      }
    },
    {
      "type": "Feature",
      "id": 35320,
      "geometry": {
        "type": "Polygon",
        "coordinates": [
          [
            [
              121.713359018,
              16.65399073800006
            ],
            [
              121.70880779400011,
              16.65378148600007
            ],
            [
              121.70242561700002,
              16.654304615000058
            ],
            [
              121.70101316800003,
              16.651322778000065
            ],
            [
              121.70021595300011,
              16.647528221000073
            ],
            [
              121.6944281110001,
              16.64041157400004
            ],
            [
              121.69454370200003,
              16.640103331000034
            ],
            [
              121.69519871900002,
              16.639486844000032
            ],
            [
              121.69550696300007,
              16.639178600000037
            ],
            [
              121.69573814600005,
              16.638446522000038
            ],
            [
              121.69512165900005,
              16.63809974800006
            ],
            [
              121.69519871900002,
              16.637097956000048
            ],
            [
              121.6956610850001,
              16.636404408000033
            ],
            [
              121.69577667600004,
              16.635325556000055
            ],
            [
              121.69569961500008,
              16.634747599000036
            ],
            [
              121.69562255400001,
              16.633861399000068
            ],
            [
              121.69593079800006,
              16.631780755000023
            ],
            [
              121.69646096000008,
              16.63089807500006
            ],
            [
              121.69681699800003,
              16.630123946000026
            ],
            [
              121.697472016,
              16.629237746000058
            ],
            [
              121.69936000700011,
              16.627234163000026
            ],
            [
              121.70248097300009,
              16.625346172000036
            ],
            [
              121.70430596200003,
              16.621586407000052
            ],
            [
              121.72104912600003,
              16.617651557000045
            ],
            [
              121.72982399000011,
              16.61803095500005
            ],
            [
              121.72723394600007,
              16.620392466000055
            ],
            [
              121.72736090900003,
              16.62095110300004
            ],
            [
              121.72822425700008,
              16.620747962000053
            ],
            [
              121.72893524900007,
              16.620900317000064
            ],
            [
              121.72888446400009,
              16.621408169000063
            ],
            [
              121.72936692300004,
              16.62158591700006
            ],
            [
              121.72977320500001,
              16.621890628000074
            ],
            [
              121.73017948600011,
              16.62285554600004
            ],
            [
              121.72992556000008,
              16.62333800600004
            ],
            [
              121.72997634500007,
              16.623718894000035
            ],
            [
              121.72979859700001,
              16.624252139000077
            ],
            [
              121.72992556000008,
              16.624709205000045
            ],
            [
              121.7288336790001,
              16.62572490900004
            ],
            [
              121.72865593100005,
              16.626207368000053
            ],
            [
              121.72819886400009,
              16.626004227000067
            ],
            [
              121.72791954600007,
              16.626258153000038
            ],
            [
              121.7285035750001,
              16.626613649000035
            ],
            [
              121.72840200500002,
              16.626969145000032
            ],
            [
              121.72830043500005,
              16.627324642000076
            ],
            [
              121.72875750100002,
              16.627350034000074
            ],
            [
              121.72860514600006,
              16.627908671000057
            ],
            [
              121.72822425700008,
              16.628086419000056
            ],
            [
              121.72812268700011,
              16.628518093000025
            ],
            [
              121.72769101300003,
              16.62821338200007
            ],
            [
              121.72741169400001,
              16.628162597000028
            ],
            [
              121.72725933900006,
              16.62864505600004
            ],
            [
              121.72720855300008,
              16.629229086000066
            ],
            [
              121.72771640500002,
              16.629152908000037
            ],
            [
              121.72845279,
              16.629152908000037
            ],
            [
              121.72837661200003,
              16.62960997400006
            ],
            [
              121.7281734720001,
              16.630168611000045
            ],
            [
              121.72865593100005,
              16.63011782600006
            ],
            [
              121.72882296900002,
              16.629823001000034
            ],
            [
              121.72906221200003,
              16.629863900000032
            ],
            [
              121.72913594400006,
              16.63001630900004
            ],
            [
              121.72908071300003,
              16.630218822000074
            ],
            [
              121.72882296900002,
              16.63031087400003
            ],
            [
              121.72862966100001,
              16.630448951000062
            ],
            [
              121.72872171200004,
              16.63056861800004
            ],
            [
              121.72914514900003,
              16.630448951000062
            ],
            [
              121.72939368800007,
              16.630513387000065
            ],
            [
              121.7294213030001,
              16.630992054000046
            ],
            [
              121.72964624200006,
              16.63118431500004
            ],
            [
              121.73006566300012,
              16.631212978000065
            ],
            [
              121.73048910000011,
              16.631102516000055
            ],
            [
              121.73066399800007,
              16.63124059300003
            ],
            [
              121.73034181800006,
              16.631507543000055
            ],
            [
              121.73012089400004,
              16.63156277300004
            ],
            [
              121.73022215100002,
              16.631829723000067
            ],
            [
              121.73041545900003,
              16.632032236000043
            ],
            [
              121.73062717700009,
              16.63196780000004
            ],
            [
              121.73086651100004,
              16.631700851000062
            ],
            [
              121.73095856200007,
              16.63145231200002
            ],
            [
              121.73115187000008,
              16.631212978000065
            ],
            [
              121.73140961500008,
              16.631185362000053
            ],
            [
              121.73158451200004,
              16.63140628600007
            ],
            [
              121.73162133300002,
              16.63182051800004
            ],
            [
              121.7313727940001,
              16.632032236000043
            ],
            [
              121.73159371700001,
              16.632326801000033
            ],
            [
              121.73196192300009,
              16.632013826000048
            ],
            [
              121.73215523100009,
              16.632253159000072
            ],
            [
              121.73209079500009,
              16.63249249300003
            ],
            [
              121.73190669200005,
              16.63259375000007
            ],
            [
              121.73199874400007,
              16.632980366000027
            ],
            [
              121.73197112800005,
              16.633247315000062
            ],
            [
              121.73174108,
              16.633293123000044
            ],
            [
              121.73139092100007,
              16.633143055000062
            ],
            [
              121.73102732000007,
              16.633439199000065
            ],
            [
              121.73071561500001,
              16.63318057200007
            ],
            [
              121.73049051200007,
              16.633393168000055
            ],
            [
              121.73044049000009,
              16.633693304000076
            ],
            [
              121.73040297300008,
              16.63409348600004
            ],
            [
              121.73019037600011,
              16.634318588000042
            ],
            [
              121.72994026300012,
              16.634468656000024
            ],
            [
              121.72975267800007,
              16.634518678000063
            ],
            [
              121.72964012700004,
              16.634743780000065
            ],
            [
              121.72984021800005,
              16.634943871000075
            ],
            [
              121.73020288200007,
              16.635106445000076
            ],
            [
              121.730390467,
              16.63554414300006
            ],
            [
              121.7303154330001,
              16.636019359000045
            ],
            [
              121.730390467,
              16.636269472000038
            ],
            [
              121.73065308600007,
              16.636319495000066
            ],
            [
              121.73070310900005,
              16.636507080000058
            ],
            [
              121.7306405810001,
              16.63674468800002
            ],
            [
              121.73066559200004,
              16.63705733000006
            ],
            [
              121.73111579600004,
              16.637132364000024
            ],
            [
              121.73164103400006,
              16.637269926000045
            ],
            [
              121.73170356300011,
              16.637620085000037
            ],
            [
              121.73164103400006,
              16.638057783000022
            ],
            [
              121.73152848300003,
              16.638457965000043
            ],
            [
              121.73127837000004,
              16.638645550000035
            ],
            [
              121.73094071700007,
              16.638745595000046
            ],
            [
              121.73075313200002,
              16.638995709000028
            ],
            [
              121.73061556900007,
              16.63928333900003
            ],
            [
              121.73037796100004,
              16.63925832800004
            ],
            [
              121.73027791600009,
              16.638845641000046
            ],
            [
              121.73025290500004,
              16.638470471000062
            ],
            [
              121.73010283700012,
              16.638357920000033
            ],
            [
              121.73000279100006,
              16.638482976000034
            ],
            [
              121.72999028600009,
              16.638858146000075
            ],
            [
              121.72969014900002,
              16.638845641000046
            ],
            [
              121.72935249600005,
              16.638733090000073
            ],
            [
              121.72933999100007,
              16.638908169000047
            ],
            [
              121.7294525420001,
              16.639245822000078
            ],
            [
              121.72862716700001,
              16.639270834000058
            ],
            [
              121.72828951400004,
              16.639633498000023
            ],
            [
              121.72800188400004,
              16.63952094700005
            ],
            [
              121.72763921900003,
              16.63935837300005
            ],
            [
              121.72728906000009,
              16.639108260000057
            ],
            [
              121.71756028000004,
              16.645255715000076
            ],
            [
              121.71771087200011,
              16.645571957000072
            ],
            [
              121.71816264600011,
              16.646068909000064
            ],
            [
              121.71835841500001,
              16.64682186700003
            ],
            [
              121.7184337110001,
              16.64793624400005
            ],
            [
              121.71927702300002,
              16.649291568000024
            ],
            [
              121.71912643200005,
              16.649924052000074
            ],
            [
              121.71885536700006,
              16.650315590000048
            ],
            [
              121.71878007100008,
              16.650646891000065
            ],
            [
              121.71938243800003,
              16.65139984900003
            ],
            [
              121.71754405200011,
              16.65231672400006
            ],
            [
              121.713359018,
              16.65399073800006
            ]
          ]
        ]
      },
      "properties": {
        "objectid": 35320,
        "gthcode": "8010231120500000",
        "reg_name": "Region II (Cagayan Valley)",
        "prov_name": "Isabela",
        "city_name": "Echague",
        "brgy_name": "San Salvador",
        "reg_code": "020000000",
        "prov_code": "023100000",
        "city_code": "023112000",
        "brgy_code": "023112050",
        "psgc_10d": "0203112050",
        "geographic_level": "Bgy",
        "old_names": "",
        "class": "Municipality",
        "income_class": "",
        "urban_rural2015": "R",
        "bgypop2015": 581,
        "bgypop2020": 651,
        "bgyarea_sqkm": 10.95653994,
        "gida": "No",
        "gida_yr": null,
        "name": "San Salvador",
        "Barangay": "San Salvador",
        "BRGY_NAME": "San Salvador",
        "NAME_1": "Isabela",
        "NAME_2": "Echague",
        "NAME_3": "San Salvador",
        "MUNICIPALITY": "Echague",
        "PROVINCE": "Isabela",
        "SOURCE": "PSA/GeoRisk BarangayPopMF ArcGIS boundary layer",
        "SOURCE_URL": "https://ulap-nga.georisk.gov.ph/arcgis/rest/services/PSA/BarangayPopMF/MapServer/0",
        "OSM_CENTER_REFERENCE": "OpenStreetMap/Nominatim Echague town point: 16.7053600, 121.6749455",
        "PSA_BRGY_NAME": "San Salvador"
      }
    },
    {
      "type": "Feature",
      "id": 35684,
      "geometry": {
        "type": "Polygon",
        "coordinates": [
          [
            [
              121.62466290900011,
              16.636330463000036
            ],
            [
              121.62044228900004,
              16.636069930000076
            ],
            [
              121.61571765600002,
              16.636839871000063
            ],
            [
              121.6093957270001,
              16.63487148300004
            ],
            [
              121.6037682330001,
              16.63440252500004
            ],
            [
              121.59871391100012,
              16.63528833400005
            ],
            [
              121.59718793900004,
              16.63607563200003
            ],
            [
              121.59405288700009,
              16.628806096000062
            ],
            [
              121.59517872200001,
              16.627081530000055
            ],
            [
              121.59529128400004,
              16.625383724000073
            ],
            [
              121.59440955000002,
              16.623432654000055
            ],
            [
              121.59474005100003,
              16.62303354200003
            ],
            [
              121.59509430100002,
              16.622335177000025
            ],
            [
              121.59533146800004,
              16.622127070000033
            ],
            [
              121.59583533200009,
              16.621781748000046
            ],
            [
              121.59593394000001,
              16.620778418000043
            ],
            [
              121.59624346700002,
              16.620551800000044
            ],
            [
              121.59659168400003,
              16.620341764000045
            ],
            [
              121.59685699300007,
              16.620087510000076
            ],
            [
              121.59718310200003,
              16.620010128000047
            ],
            [
              121.59735997400003,
              16.619860892000077
            ],
            [
              121.5974176950001,
              16.619720923000045
            ],
            [
              121.59734505100005,
              16.61936888200006
            ],
            [
              121.59739357000001,
              16.61865222800003
            ],
            [
              121.59995780700001,
              16.618588677000048
            ],
            [
              121.60010280100005,
              16.617838721000055
            ],
            [
              121.60217280000006,
              16.617891704000044
            ],
            [
              121.60242979200007,
              16.616793769000026
            ],
            [
              121.60341378800001,
              16.616452783000057
            ],
            [
              121.60403177600006,
              16.61481987800005
            ],
            [
              121.60435976000008,
              16.612680005000072
            ],
            [
              121.60820128800003,
              16.613816427000074
            ],
            [
              121.61401207800009,
              16.611952589000055
            ],
            [
              121.6212287620001,
              16.614458780000064
            ],
            [
              121.62094576600009,
              16.61502574800005
            ],
            [
              121.62146477900001,
              16.616864632000045
            ],
            [
              121.62079379300008,
              16.618678527000043
            ],
            [
              121.62272826300011,
              16.62236815500006
            ],
            [
              121.62623842000005,
              16.624523598000053
            ],
            [
              121.6265290020001,
              16.627429422000034
            ],
            [
              121.62535558000002,
              16.632903664000025
            ],
            [
              121.62466290900011,
              16.636330463000036
            ]
          ]
        ]
      },
      "properties": {
        "objectid": 35684,
        "gthcode": "8010231120510000",
        "reg_name": "Region II (Cagayan Valley)",
        "prov_name": "Isabela",
        "city_name": "Echague",
        "brgy_name": "Santa Ana",
        "reg_code": "020000000",
        "prov_code": "023100000",
        "city_code": "023112000",
        "brgy_code": "023112051",
        "psgc_10d": "0203112051",
        "geographic_level": "Bgy",
        "old_names": "",
        "class": "Municipality",
        "income_class": "",
        "urban_rural2015": "R",
        "bgypop2015": 916,
        "bgypop2020": 952,
        "bgyarea_sqkm": 7.04307099,
        "gida": "No",
        "gida_yr": null,
        "name": "Santa Ana",
        "Barangay": "Santa Ana",
        "BRGY_NAME": "Santa Ana",
        "NAME_1": "Isabela",
        "NAME_2": "Echague",
        "NAME_3": "Santa Ana",
        "MUNICIPALITY": "Echague",
        "PROVINCE": "Isabela",
        "SOURCE": "PSA/GeoRisk BarangayPopMF ArcGIS boundary layer",
        "SOURCE_URL": "https://ulap-nga.georisk.gov.ph/arcgis/rest/services/PSA/BarangayPopMF/MapServer/0",
        "OSM_CENTER_REFERENCE": "OpenStreetMap/Nominatim Echague town point: 16.7053600, 121.6749455",
        "PSA_BRGY_NAME": "Santa Ana"
      }
    },
    {
      "type": "Feature",
      "id": 35788,
      "geometry": {
        "type": "Polygon",
        "coordinates": [
          [
            [
              121.71675753500006,
              16.694584465000048
            ],
            [
              121.71667234100005,
              16.694684187000064
            ],
            [
              121.71653390000006,
              16.694886524000026
            ],
            [
              121.71638481000002,
              16.695014316000027
            ],
            [
              121.7158949410001,
              16.69526989900004
            ],
            [
              121.71571390300005,
              16.695365743000025
            ],
            [
              121.71546896900009,
              16.695344444000057
            ],
            [
              121.71525598300002,
              16.69552548300004
            ],
            [
              121.71524533400009,
              16.695749118000037
            ],
            [
              121.7155009170001,
              16.696015351000028
            ],
            [
              121.7158097470001,
              16.69627093400004
            ],
            [
              121.7156713060001,
              16.69646262200007
            ],
            [
              121.7151920870001,
              16.696771452000064
            ],
            [
              121.71488325700011,
              16.697037685000055
            ],
            [
              121.71495780200007,
              16.697421060000067
            ],
            [
              121.71514949000004,
              16.697644695000065
            ],
            [
              121.71524533400009,
              16.697985473000074
            ],
            [
              121.71513884000001,
              16.698198459000025
            ],
            [
              121.71492585400006,
              16.69834755000005
            ],
            [
              121.71469156900002,
              16.69829430300007
            ],
            [
              121.71436144100005,
              16.698134563000053
            ],
            [
              121.71438273900003,
              16.69787898000004
            ],
            [
              121.71447858300007,
              16.69762339700003
            ],
            [
              121.71449988200004,
              16.697410410000032
            ],
            [
              121.71444663500006,
              16.697303917000056
            ],
            [
              121.71428689600009,
              16.697229372000038
            ],
            [
              121.71402066300004,
              16.697229372000038
            ],
            [
              121.71382897500007,
              16.697538202000032
            ],
            [
              121.7137224820001,
              16.697857681000073
            ],
            [
              121.7137224820001,
              16.69810261500004
            ],
            [
              121.71357339200006,
              16.69896521000004
            ],
            [
              121.7115913240001,
              16.69813106600003
            ],
            [
              121.71064546700006,
              16.697780239000053
            ],
            [
              121.70912004400009,
              16.696699842000044
            ],
            [
              121.70837552600005,
              16.69619443600004
            ],
            [
              121.70563323500005,
              16.69425311300006
            ],
            [
              121.70403210600011,
              16.69323210300007
            ],
            [
              121.700246547,
              16.693109579000065
            ],
            [
              121.6984397540001,
              16.692976851000026
            ],
            [
              121.69733202200007,
              16.69268943700007
            ],
            [
              121.69745965800007,
              16.692334895000045
            ],
            [
              121.69795601600003,
              16.692221441000072
            ],
            [
              121.69829637700002,
              16.692249805000074
            ],
            [
              121.69829637700002,
              16.691866899000047
            ],
            [
              121.69801274300005,
              16.691569084000037
            ],
            [
              121.69787092600006,
              16.691242905000024
            ],
            [
              121.69802692500002,
              16.690519640000048
            ],
            [
              121.69833892200006,
              16.690292733000035
            ],
            [
              121.69884946200011,
              16.690363641000033
            ],
            [
              121.69914727800005,
              16.690165098000023
            ],
            [
              121.69954436500007,
              16.68956946700007
            ],
            [
              121.69938836600011,
              16.688945473000047
            ],
            [
              121.69821128700005,
              16.688846201000047
            ],
            [
              121.69823965000012,
              16.688647658000036
            ],
            [
              121.69875019000006,
              16.688293116000068
            ],
            [
              121.69889200700004,
              16.687754212000073
            ],
            [
              121.6989912790001,
              16.686974220000025
            ],
            [
              121.69867928200006,
              16.686676404000025
            ],
            [
              121.69823965000012,
              16.68637858900007
            ],
            [
              121.69858001000011,
              16.68588223000006
            ],
            [
              121.69867928200006,
              16.68557023300002
            ],
            [
              121.69856582900002,
              16.684620061000032
            ],
            [
              121.69828219500005,
              16.683783342000027
            ],
            [
              121.69754474800004,
              16.682974986000033
            ],
            [
              121.69734620400004,
              16.682521172000065
            ],
            [
              121.69748802100003,
              16.682024813000055
            ],
            [
              121.69780001800007,
              16.681443364000074
            ],
            [
              121.70179786200003,
              16.678891691000047
            ],
            [
              121.70493663700006,
              16.678839378000077
            ],
            [
              121.70865346400001,
              16.678173086000072
            ],
            [
              121.70878048700001,
              16.678859010000053
            ],
            [
              121.70928857900003,
              16.67936710200007
            ],
            [
              121.70961883900009,
              16.67967195800003
            ],
            [
              121.70936479300008,
              16.680002218000027
            ],
            [
              121.70931398400012,
              16.680535715000076
            ],
            [
              121.70984748100011,
              16.680916784000033
            ],
            [
              121.71002531300007,
              16.68132325700003
            ],
            [
              121.71025395400011,
              16.681958373000043
            ],
            [
              121.71025395400011,
              16.68236484700003
            ],
            [
              121.710101527,
              16.682847534000075
            ],
            [
              121.71007612200003,
              16.68348264900004
            ],
            [
              121.71040638200009,
              16.68373669600004
            ],
            [
              121.71063502300001,
              16.684092360000022
            ],
            [
              121.71005071700006,
              16.684397216000036
            ],
            [
              121.7100353840001,
              16.684456278000027
            ],
            [
              121.71015233600008,
              16.68485449900004
            ],
            [
              121.71005071700006,
              16.68556582800005
            ],
            [
              121.70977126700006,
              16.68579446900003
            ],
            [
              121.70936479300008,
              16.68579446900003
            ],
            [
              121.7093393880001,
              16.686200943000074
            ],
            [
              121.70969505300002,
              16.68632796600002
            ],
            [
              121.70997450400012,
              16.686709035000035
            ],
            [
              121.71022855000001,
              16.68719172300007
            ],
            [
              121.71060961900002,
              16.687496578000037
            ],
            [
              121.71116852000011,
              16.687521983000067
            ],
            [
              121.71121933000006,
              16.68701389100005
            ],
            [
              121.71152418500003,
              16.68660741700006
            ],
            [
              121.71203227700005,
              16.68675984400005
            ],
            [
              121.71221010900001,
              16.68716631800004
            ],
            [
              121.71205768200002,
              16.687572792000026
            ],
            [
              121.71226091900007,
              16.68780143400005
            ],
            [
              121.71317548500008,
              16.688614381000036
            ],
            [
              121.71294684300005,
              16.68942732900007
            ],
            [
              121.71340412600011,
              16.689300306000064
            ],
            [
              121.71398843200006,
              16.68884302300006
            ],
            [
              121.71444571500001,
              16.68914787800003
            ],
            [
              121.7139376230001,
              16.68993542100003
            ],
            [
              121.71388681400003,
              16.690494322000063
            ],
            [
              121.71429328800002,
              16.690570536000052
            ],
            [
              121.71485218900011,
              16.690545132000068
            ],
            [
              121.71515704400008,
              16.690265681000028
            ],
            [
              121.71548730400002,
              16.690240276000054
            ],
            [
              121.7159191830001,
              16.690341895000074
            ],
            [
              121.71615426400001,
              16.690665488000036
            ],
            [
              121.71612242000003,
              16.691104033000045
            ],
            [
              121.71543649500006,
              16.690926201000025
            ],
            [
              121.71500461700009,
              16.690951605000066
            ],
            [
              121.71492840300004,
              16.691358079000054
            ],
            [
              121.71523325800001,
              16.691662935000068
            ],
            [
              121.71548730400002,
              16.69184076700003
            ],
            [
              121.71551270900011,
              16.69212021800007
            ],
            [
              121.71485218900011,
              16.692069408000066
            ],
            [
              121.71469976100002,
              16.69245047800007
            ],
            [
              121.71467435700004,
              16.69288235600004
            ],
            [
              121.71515704400008,
              16.693263425000055
            ],
            [
              121.71553811400008,
              16.693542876000038
            ],
            [
              121.71624944300004,
              16.693796922000047
            ],
            [
              121.71665591700003,
              16.693974754000067
            ],
            [
              121.71675753500006,
              16.694584465000048
            ]
          ]
        ]
      },
      "properties": {
        "objectid": 35788,
        "gthcode": "8010231120520000",
        "reg_name": "Region II (Cagayan Valley)",
        "prov_name": "Isabela",
        "city_name": "Echague",
        "brgy_name": "Santa Cruz",
        "reg_code": "020000000",
        "prov_code": "023100000",
        "city_code": "023112000",
        "brgy_code": "023112052",
        "psgc_10d": "0203112052",
        "geographic_level": "Bgy",
        "old_names": "",
        "class": "Municipality",
        "income_class": "",
        "urban_rural2015": "R",
        "bgypop2015": 636,
        "bgypop2020": 661,
        "bgyarea_sqkm": 2.69558442,
        "gida": "No",
        "gida_yr": null,
        "name": "Santa Cruz",
        "Barangay": "Santa Cruz",
        "BRGY_NAME": "Santa Cruz",
        "NAME_1": "Isabela",
        "NAME_2": "Echague",
        "NAME_3": "Santa Cruz",
        "MUNICIPALITY": "Echague",
        "PROVINCE": "Isabela",
        "SOURCE": "PSA/GeoRisk BarangayPopMF ArcGIS boundary layer",
        "SOURCE_URL": "https://ulap-nga.georisk.gov.ph/arcgis/rest/services/PSA/BarangayPopMF/MapServer/0",
        "OSM_CENTER_REFERENCE": "OpenStreetMap/Nominatim Echague town point: 16.7053600, 121.6749455",
        "PSA_BRGY_NAME": "Santa Cruz"
      }
    },
    {
      "type": "Feature",
      "id": 36149,
      "geometry": {
        "type": "Polygon",
        "coordinates": [
          [
            [
              121.62500470400005,
              16.607143199000063
            ],
            [
              121.62482172700004,
              16.610086022000075
            ],
            [
              121.62407373500002,
              16.611187960000052
            ],
            [
              121.62288374900004,
              16.61298885800005
            ],
            [
              121.6212287620001,
              16.614458780000064
            ],
            [
              121.61401207800009,
              16.611952589000055
            ],
            [
              121.60820128800003,
              16.613816427000074
            ],
            [
              121.60435976000008,
              16.612680005000072
            ],
            [
              121.60549975100002,
              16.611550066000063
            ],
            [
              121.60524674500004,
              16.61077611500002
            ],
            [
              121.60464973500007,
              16.609373205000054
            ],
            [
              121.60371173300007,
              16.608985235000034
            ],
            [
              121.60329973000012,
              16.608543265000037
            ],
            [
              121.60336072000007,
              16.607217345000038
            ],
            [
              121.60383970600003,
              16.60538245300006
            ],
            [
              121.6050536890001,
              16.60318957800007
            ],
            [
              121.60561867700005,
              16.601694665000025
            ],
            [
              121.60795565600006,
              16.599026811000044
            ],
            [
              121.60861665000004,
              16.598335849000023
            ],
            [
              121.60948665600006,
              16.599269786000036
            ],
            [
              121.6101776590001,
              16.599691756000027
            ],
            [
              121.61090665600011,
              16.599351771000045
            ],
            [
              121.61100464900005,
              16.598459825000077
            ],
            [
              121.61077563600008,
              16.596647937000057
            ],
            [
              121.61088962600002,
              16.595281019000026
            ],
            [
              121.60353152400012,
              16.593325658000026
            ],
            [
              121.60347418300012,
              16.593137558000024
            ],
            [
              121.60372940500008,
              16.59298602000007
            ],
            [
              121.60387296800002,
              16.59285840900003
            ],
            [
              121.60371345400006,
              16.59270687000003
            ],
            [
              121.60364167300008,
              16.592507478000073
            ],
            [
              121.60380118700004,
              16.592276183000024
            ],
            [
              121.6039447490001,
              16.59217249900007
            ],
            [
              121.60402450600009,
              16.591981082000075
            ],
            [
              121.60419997100007,
              16.59173383600006
            ],
            [
              121.60436746100004,
              16.591510516000028
            ],
            [
              121.60427175200005,
              16.59142278400003
            ],
            [
              121.60400855500006,
              16.591486589000056
            ],
            [
              121.60395272500011,
              16.59134302700005
            ],
            [
              121.60401653000008,
              16.591127683000025
            ],
            [
              121.6041281900001,
              16.590649142000075
            ],
            [
              121.60400855500006,
              16.590465701000028
            ],
            [
              121.60375333200011,
              16.590369992000035
            ],
            [
              121.6036496480001,
              16.59027428400003
            ],
            [
              121.6036576240001,
              16.590035013000033
            ],
            [
              121.6035539400001,
              16.58977979100007
            ],
            [
              121.60320301000002,
              16.589500642000075
            ],
            [
              121.60312325300004,
              16.58914971200005
            ],
            [
              121.60284410300005,
              16.588695097000027
            ],
            [
              121.60282815200003,
              16.588296312000068
            ],
            [
              121.60282815200003,
              16.587977285000022
            ],
            [
              121.60272446800002,
              16.58766623300005
            ],
            [
              121.60276434700006,
              16.587490767000077
            ],
            [
              121.60264471100004,
              16.587307327000076
            ],
            [
              121.60243734300002,
              16.58729935100007
            ],
            [
              121.60207843700005,
              16.58727542400004
            ],
            [
              121.60199868000007,
              16.58704412900005
            ],
            [
              121.6020305830001,
              16.586876639000025
            ],
            [
              121.6020226070001,
              16.58667724700007
            ],
            [
              121.60172750600009,
              16.586525709000057
            ],
            [
              121.60132074600006,
              16.58657356300006
            ],
            [
              121.60105754800009,
              16.586613441000054
            ],
            [
              121.60084220500005,
              16.58651773300005
            ],
            [
              121.6005072260001,
              16.58651773300005
            ],
            [
              121.59962989900009,
              16.586342268000067
            ],
            [
              121.59933479900008,
              16.586222632000045
            ],
            [
              121.59940658000005,
              16.585871702000077
            ],
            [
              121.59962989900009,
              16.58555267400004
            ],
            [
              121.59986119400003,
              16.585161865000032
            ],
            [
              121.60009249000007,
              16.584938546000046
            ],
            [
              121.60018819800007,
              16.584691299000042
            ],
            [
              121.60028390600007,
              16.584364296000047
            ],
            [
              121.60028390600007,
              16.584133001000055
            ],
            [
              121.60025997900004,
              16.584053244000074
            ],
            [
              121.60015629500003,
              16.584013366000022
            ],
            [
              121.59917528500011,
              16.58402134100004
            ],
            [
              121.59892803800005,
              16.58391765700003
            ],
            [
              121.59863293800004,
              16.583742192000045
            ],
            [
              121.59825808000005,
              16.583542800000032
            ],
            [
              121.59816237200005,
              16.58327960200006
            ],
            [
              121.59827403200006,
              16.583136039000067
            ],
            [
              121.5986887680001,
              16.583199845000024
            ],
            [
              121.59887220900009,
              16.58304830700007
            ],
            [
              121.59892803800005,
              16.58276118200007
            ],
            [
              121.59880840300002,
              16.58255381400005
            ],
            [
              121.59847342400008,
              16.582593692000046
            ],
            [
              121.59823415300002,
              16.582593692000046
            ],
            [
              121.59814642100002,
              16.58245013000004
            ],
            [
              121.59824212900003,
              16.58221883500005
            ],
            [
              121.59846544800007,
              16.582003491000023
            ],
            [
              121.59883233000005,
              16.581907783000077
            ],
            [
              121.59904767400008,
              16.581947661000072
            ],
            [
              121.59922313900006,
              16.58189980700007
            ],
            [
              121.59941455600006,
              16.581764220000025
            ],
            [
              121.5999329760001,
              16.581062359000043
            ],
            [
              121.60010844100009,
              16.58072738000004
            ],
            [
              121.60028390600007,
              16.580551915000058
            ],
            [
              121.60033973600002,
              16.580304669000043
            ],
            [
              121.60056305500007,
              16.58005742200004
            ],
            [
              121.60124896500008,
              16.579674589000035
            ],
            [
              121.60186309300002,
              16.579515075000074
            ],
            [
              121.60219009700006,
              16.579052485000034
            ],
            [
              121.60209486100007,
              16.578819819000046
            ],
            [
              121.6018409620001,
              16.578411767000034
            ],
            [
              121.6017321490001,
              16.578248547000044
            ],
            [
              121.60165960600011,
              16.577949309000076
            ],
            [
              121.60160519900012,
              16.577604732000054
            ],
            [
              121.60136036800009,
              16.577260155000033
            ],
            [
              121.6012152830001,
              16.577124138000045
            ],
            [
              121.60109740200005,
              16.577251087000036
            ],
            [
              121.60107019800012,
              16.57755032500006
            ],
            [
              121.6011427410001,
              16.57772261300005
            ],
            [
              121.60116087600011,
              16.577903970000023
            ],
            [
              121.60104299500006,
              16.578039987000068
            ],
            [
              121.60084350300008,
              16.57806719000007
            ],
            [
              121.60052612900006,
              16.57800371600007
            ],
            [
              121.6001452810001,
              16.57799464800007
            ],
            [
              121.59972816200002,
              16.578012784000066
            ],
            [
              121.59942892400011,
              16.577985580000075
            ],
            [
              121.59913875400002,
              16.577949309000076
            ],
            [
              121.59902994000004,
              16.577795156000036
            ],
            [
              121.59880324500011,
              16.57761380000005
            ],
            [
              121.59873070200001,
              16.577368969000077
            ],
            [
              121.59895739800004,
              16.577368969000077
            ],
            [
              121.59925663500007,
              16.577378037000074
            ],
            [
              121.59941078800011,
              16.577323630000024
            ],
            [
              121.5995014660001,
              16.577178545000038
            ],
            [
              121.59936544900006,
              16.577024392000055
            ],
            [
              121.59926570300001,
              16.57679769600003
            ],
            [
              121.59942892400011,
              16.576580069000045
            ],
            [
              121.59961934800003,
              16.576407780000068
            ],
            [
              121.59958307700003,
              16.576235492000023
            ],
            [
              121.59956494100004,
              16.575945322000052
            ],
            [
              121.59952867000004,
              16.57575489800007
            ],
            [
              121.59972484900004,
              16.57558514300007
            ],
            [
              121.5999182270001,
              16.575457638000046
            ],
            [
              121.60000872100011,
              16.575335471000074
            ],
            [
              121.60008564100008,
              16.57522235400006
            ],
            [
              121.60016708600006,
              16.57511376100007
            ],
            [
              121.6002756790001,
              16.57499159400004
            ],
            [
              121.60042046900003,
              16.57492824800005
            ],
            [
              121.60063765500001,
              16.57486490200006
            ],
            [
              121.60086389100002,
              16.574824180000064
            ],
            [
              121.60094081000011,
              16.57471558700007
            ],
            [
              121.6008503160001,
              16.574498401000028
            ],
            [
              121.60069195200003,
              16.574281215000042
            ],
            [
              121.60064218000002,
              16.573806121000075
            ],
            [
              121.60077339600002,
              16.573634182000035
            ],
            [
              121.60077096000009,
              16.57351514800007
            ],
            [
              121.60108833400011,
              16.573243113000046
            ],
            [
              121.60270240500006,
              16.573243113000046
            ],
            [
              121.60389028800012,
              16.573079893000056
            ],
            [
              121.60475173100008,
              16.573560487000066
            ],
            [
              121.60524139300003,
              16.57390506400003
            ],
            [
              121.60591241100008,
              16.573633029000064
            ],
            [
              121.60640207300003,
              16.573270317000038
            ],
            [
              121.60707309100007,
              16.573533283000074
            ],
            [
              121.60789826200005,
              16.573914131000038
            ],
            [
              121.60934004500007,
              16.574149895000062
            ],
            [
              121.61165135200008,
              16.573262558000067
            ],
            [
              121.61524709900004,
              16.57297101100005
            ],
            [
              121.61707412700002,
              16.573554105000028
            ],
            [
              121.61925101100007,
              16.573826215000054
            ],
            [
              121.62364365300004,
              16.574370437000027
            ],
            [
              121.62587884600009,
              16.57452592800007
            ],
            [
              121.63017430600007,
              16.57543944200006
            ],
            [
              121.6334443930001,
              16.574780599000064
            ],
            [
              121.63569558000006,
              16.57617633500007
            ],
            [
              121.63504448000003,
              16.577893911000047
            ],
            [
              121.63464849200011,
              16.579415821000055
            ],
            [
              121.63393150400009,
              16.580998729000044
            ],
            [
              121.6323515260001,
              16.58379657000006
            ],
            [
              121.62971254700005,
              16.586478425000053
            ],
            [
              121.62715656400007,
              16.588477321000028
            ],
            [
              121.62619458100005,
              16.590603198000053
            ],
            [
              121.62682059500003,
              16.592673068000067
            ],
            [
              121.62669861300003,
              16.594978928000046
            ],
            [
              121.62782762100005,
              16.596147849000033
            ],
            [
              121.62818663200005,
              16.597663754000052
            ],
            [
              121.62735463900003,
              16.598558706000063
            ],
            [
              121.62548565500003,
              16.600595595000073
            ],
            [
              121.62464667100005,
              16.602655475000063
            ],
            [
              121.62447868900006,
              16.604982335000045
            ],
            [
              121.62473770000008,
              16.60647324200005
            ],
            [
              121.62500470400005,
              16.607143199000063
            ]
          ]
        ]
      },
      "properties": {
        "objectid": 36149,
        "gthcode": "8010231120530000",
        "reg_name": "Region II (Cagayan Valley)",
        "prov_name": "Isabela",
        "city_name": "Echague",
        "brgy_name": "Santa Maria",
        "reg_code": "020000000",
        "prov_code": "023100000",
        "city_code": "023112000",
        "brgy_code": "023112053",
        "psgc_10d": "0203112053",
        "geographic_level": "Bgy",
        "old_names": "",
        "class": "Municipality",
        "income_class": "",
        "urban_rural2015": "R",
        "bgypop2015": 1240,
        "bgypop2020": 1353,
        "bgyarea_sqkm": 11.393826910000001,
        "gida": "No",
        "gida_yr": null,
        "name": "Santa Maria",
        "Barangay": "Santa Maria",
        "BRGY_NAME": "Santa Maria",
        "NAME_1": "Isabela",
        "NAME_2": "Echague",
        "NAME_3": "Santa Maria",
        "MUNICIPALITY": "Echague",
        "PROVINCE": "Isabela",
        "SOURCE": "PSA/GeoRisk BarangayPopMF ArcGIS boundary layer",
        "SOURCE_URL": "https://ulap-nga.georisk.gov.ph/arcgis/rest/services/PSA/BarangayPopMF/MapServer/0",
        "OSM_CENTER_REFERENCE": "OpenStreetMap/Nominatim Echague town point: 16.7053600, 121.6749455",
        "PSA_BRGY_NAME": "Santa Maria"
      }
    },
    {
      "type": "Feature",
      "id": 36227,
      "geometry": {
        "type": "Polygon",
        "coordinates": [
          [
            [
              121.63759424200009,
              16.68033566200006
            ],
            [
              121.63804425400008,
              16.68187556500004
            ],
            [
              121.63739527100006,
              16.68419742800006
            ],
            [
              121.63680373300008,
              16.68479097100004
            ],
            [
              121.63648027900001,
              16.68510138000005
            ],
            [
              121.63608327700001,
              16.684776402000068
            ],
            [
              121.63543526900003,
              16.68362847700007
            ],
            [
              121.63424427300004,
              16.684118455000032
            ],
            [
              121.63244428700011,
              16.68581236500006
            ],
            [
              121.63181830300005,
              16.687884243000042
            ],
            [
              121.63196331500001,
              16.68952814200003
            ],
            [
              121.63167333100012,
              16.69155702100005
            ],
            [
              121.63218606700002,
              16.694208271000036
            ],
            [
              121.62984350900001,
              16.692838255000026
            ],
            [
              121.62930226800006,
              16.692330842000047
            ],
            [
              121.62890479500004,
              16.69185725600005
            ],
            [
              121.62819433200002,
              16.691448052000055
            ],
            [
              121.62722187400004,
              16.691020024000068
            ],
            [
              121.62554741100007,
              16.690284275000067
            ],
            [
              121.62471863600001,
              16.689962914000034
            ],
            [
              121.62406732000011,
              16.689392206000036
            ],
            [
              121.62275531700004,
              16.68888924500004
            ],
            [
              121.62211431100002,
              16.688019303000033
            ],
            [
              121.6214653080001,
              16.68758633300007
            ],
            [
              121.62107371800005,
              16.687417391000054
            ],
            [
              121.62038930300002,
              16.68685438500006
            ],
            [
              121.61939079800004,
              16.686309539000035
            ],
            [
              121.61868041900004,
              16.685497678000047
            ],
            [
              121.61801232500011,
              16.684939523000025
            ],
            [
              121.61726811900007,
              16.684795756000028
            ],
            [
              121.6158811900001,
              16.684575877000043
            ],
            [
              121.61519556300004,
              16.68445374600003
            ],
            [
              121.61483253600011,
              16.684339084000044
            ],
            [
              121.61344560600003,
              16.684169946000054
            ],
            [
              121.612075591,
              16.68437291200007
            ],
            [
              121.61091699700012,
              16.684398282000075
            ],
            [
              121.61162983600002,
              16.68053059400006
            ],
            [
              121.61142361200007,
              16.67951216800003
            ],
            [
              121.61105859000008,
              16.678613127000062
            ],
            [
              121.61102282600007,
              16.678250457000047
            ],
            [
              121.61085920000005,
              16.675028287000032
            ],
            [
              121.61074240800008,
              16.673237406000055
            ],
            [
              121.61055697200004,
              16.668719183000064
            ],
            [
              121.62797312100008,
              16.66319077000003
            ],
            [
              121.62982713100007,
              16.66471666500007
            ],
            [
              121.63187214700008,
              16.66706650800006
            ],
            [
              121.63230716600003,
              16.669582352000077
            ],
            [
              121.63287917800005,
              16.671232247000034
            ],
            [
              121.63366518800001,
              16.67267315400005
            ],
            [
              121.63467920000005,
              16.67437704400004
            ],
            [
              121.63566221400004,
              16.67635991700007
            ],
            [
              121.63692523000009,
              16.678646769000068
            ],
            [
              121.63759424200009,
              16.68033566200006
            ]
          ]
        ]
      },
      "properties": {
        "objectid": 36227,
        "gthcode": "8010231120540000",
        "reg_name": "Region II (Cagayan Valley)",
        "prov_name": "Isabela",
        "city_name": "Echague",
        "brgy_name": "Santa Monica",
        "reg_code": "020000000",
        "prov_code": "023100000",
        "city_code": "023112000",
        "brgy_code": "023112054",
        "psgc_10d": "0203112054",
        "geographic_level": "Bgy",
        "old_names": "",
        "class": "Municipality",
        "income_class": "",
        "urban_rural2015": "R",
        "bgypop2015": 948,
        "bgypop2020": 1133,
        "bgyarea_sqkm": 6.18932628,
        "gida": "No",
        "gida_yr": null,
        "name": "Santa Monica",
        "Barangay": "Santa Monica",
        "BRGY_NAME": "Santa Monica",
        "NAME_1": "Isabela",
        "NAME_2": "Echague",
        "NAME_3": "Santa Monica",
        "MUNICIPALITY": "Echague",
        "PROVINCE": "Isabela",
        "SOURCE": "PSA/GeoRisk BarangayPopMF ArcGIS boundary layer",
        "SOURCE_URL": "https://ulap-nga.georisk.gov.ph/arcgis/rest/services/PSA/BarangayPopMF/MapServer/0",
        "OSM_CENTER_REFERENCE": "OpenStreetMap/Nominatim Echague town point: 16.7053600, 121.6749455",
        "PSA_BRGY_NAME": "Santa Monica"
      }
    },
    {
      "type": "Feature",
      "id": 36494,
      "geometry": {
        "type": "Polygon",
        "coordinates": [
          [
            [
              121.7013503820001,
              16.716272282000034
            ],
            [
              121.70016551100002,
              16.71605572200002
            ],
            [
              121.6985632410001,
              16.715905939000038
            ],
            [
              121.69758964500011,
              16.71673117100005
            ],
            [
              121.69537532700008,
              16.716564766000033
            ],
            [
              121.69231011400007,
              16.716120956000054
            ],
            [
              121.69239712900003,
              16.713807709000037
            ],
            [
              121.69327032100011,
              16.709810967000067
            ],
            [
              121.69382673500002,
              16.707132228000035
            ],
            [
              121.69464505400003,
              16.707132228000035
            ],
            [
              121.69519467200007,
              16.707071159000066
            ],
            [
              121.69595192300005,
              16.707132228000035
            ],
            [
              121.69623283800001,
              16.70719329700006
            ],
            [
              121.69894814300005,
              16.707298128000048
            ],
            [
              121.70092491000003,
              16.70791310900006
            ],
            [
              121.70149409800001,
              16.70947837500006
            ],
            [
              121.70327187200007,
              16.71194951500007
            ],
            [
              121.70298483700003,
              16.712097424000035
            ],
            [
              121.70251863600004,
              16.714344933000064
            ],
            [
              121.70228888100007,
              16.71472873500005
            ],
            [
              121.7013503820001,
              16.716272282000034
            ]
          ]
        ]
      },
      "properties": {
        "objectid": 36494,
        "gthcode": "8010231120550000",
        "reg_name": "Region II (Cagayan Valley)",
        "prov_name": "Isabela",
        "city_name": "Echague",
        "brgy_name": "Santo Domingo",
        "reg_code": "020000000",
        "prov_code": "023100000",
        "city_code": "023112000",
        "brgy_code": "023112055",
        "psgc_10d": "0203112055",
        "geographic_level": "Bgy",
        "old_names": "",
        "class": "Municipality",
        "income_class": "",
        "urban_rural2015": "R",
        "bgypop2015": 1285,
        "bgypop2020": 1514,
        "bgyarea_sqkm": 0.97891492,
        "gida": "No",
        "gida_yr": null,
        "name": "Santo Domingo",
        "Barangay": "Santo Domingo",
        "BRGY_NAME": "Santo Domingo",
        "NAME_1": "Isabela",
        "NAME_2": "Echague",
        "NAME_3": "Santo Domingo",
        "MUNICIPALITY": "Echague",
        "PROVINCE": "Isabela",
        "SOURCE": "PSA/GeoRisk BarangayPopMF ArcGIS boundary layer",
        "SOURCE_URL": "https://ulap-nga.georisk.gov.ph/arcgis/rest/services/PSA/BarangayPopMF/MapServer/0",
        "OSM_CENTER_REFERENCE": "OpenStreetMap/Nominatim Echague town point: 16.7053600, 121.6749455",
        "PSA_BRGY_NAME": "Santo Domingo"
      }
    },
    {
      "type": "Feature",
      "id": 37356,
      "geometry": {
        "type": "Polygon",
        "coordinates": [
          [
            [
              121.68111211200005,
              16.709942373000047
            ],
            [
              121.67426578700008,
              16.71256068400004
            ],
            [
              121.67527553800005,
              16.723323789000062
            ],
            [
              121.67477676100009,
              16.726471382000057
            ],
            [
              121.67062818300008,
              16.723127816000044
            ],
            [
              121.66843632100006,
              16.721751534000077
            ],
            [
              121.66499902900011,
              16.71953634600004
            ],
            [
              121.66424169900006,
              16.719126979000066
            ],
            [
              121.66401654700007,
              16.718615269000054
            ],
            [
              121.66399607800008,
              16.71826730600003
            ],
            [
              121.66399607800008,
              16.717776065000066
            ],
            [
              121.66483528200001,
              16.716568430000052
            ],
            [
              121.66482711100002,
              16.71377626700007
            ],
            [
              121.66502824300005,
              16.711945962000073
            ],
            [
              121.664366244,
              16.709132238000052
            ],
            [
              121.66707249500007,
              16.706373814000074
            ],
            [
              121.66773394600011,
              16.706944927000052
            ],
            [
              121.66987015900008,
              16.708898865000037
            ],
            [
              121.67232182200007,
              16.71100211600003
            ],
            [
              121.67330616100003,
              16.710642618000065
            ],
            [
              121.67345167200006,
              16.710539905000076
            ],
            [
              121.67375125400008,
              16.710026336000055
            ],
            [
              121.6754117910001,
              16.70691068900004
            ],
            [
              121.67595103700012,
              16.70599482600005
            ],
            [
              121.6763895690001,
              16.706261175000066
            ],
            [
              121.67677244200001,
              16.706477431000053
            ],
            [
              121.677698125,
              16.706953012000042
            ],
            [
              121.67860682300011,
              16.707445577000044
            ],
            [
              121.67969386400011,
              16.708023067000056
            ],
            [
              121.68094226200003,
              16.70875342200003
            ],
            [
              121.68111211200005,
              16.709942373000047
            ]
          ]
        ]
      },
      "properties": {
        "objectid": 37356,
        "gthcode": "8010231120570000",
        "reg_name": "Region II (Cagayan Valley)",
        "prov_name": "Isabela",
        "city_name": "Echague",
        "brgy_name": "Silauan Norte (Pob.)",
        "reg_code": "020000000",
        "prov_code": "023100000",
        "city_code": "023112000",
        "brgy_code": "023112057",
        "psgc_10d": "0203112057",
        "geographic_level": "Bgy",
        "old_names": "",
        "class": "Municipality",
        "income_class": "",
        "urban_rural2015": "R",
        "bgypop2015": 1665,
        "bgypop2020": 1725,
        "bgyarea_sqkm": 1.95745481,
        "gida": "No",
        "gida_yr": null,
        "name": "Silauan Norte (Poblacion)",
        "Barangay": "Silauan Norte (Poblacion)",
        "BRGY_NAME": "Silauan Norte (Poblacion)",
        "NAME_1": "Isabela",
        "NAME_2": "Echague",
        "NAME_3": "Silauan Norte (Poblacion)",
        "MUNICIPALITY": "Echague",
        "PROVINCE": "Isabela",
        "SOURCE": "PSA/GeoRisk BarangayPopMF ArcGIS boundary layer",
        "SOURCE_URL": "https://ulap-nga.georisk.gov.ph/arcgis/rest/services/PSA/BarangayPopMF/MapServer/0",
        "OSM_CENTER_REFERENCE": "OpenStreetMap/Nominatim Echague town point: 16.7053600, 121.6749455",
        "PSA_BRGY_NAME": "Silauan Norte (Pob.)"
      }
    },
    {
      "type": "Feature",
      "id": 37357,
      "geometry": {
        "type": "Polygon",
        "coordinates": [
          [
            [
              121.68397827500007,
              16.709941757000024
            ],
            [
              121.68142065800009,
              16.709942307000063
            ],
            [
              121.68111211200005,
              16.709942373000047
            ],
            [
              121.68094226200003,
              16.70875342200003
            ],
            [
              121.67969386400011,
              16.708023067000056
            ],
            [
              121.67860682300011,
              16.707445577000044
            ],
            [
              121.677698125,
              16.706953012000042
            ],
            [
              121.67677244200001,
              16.706477431000053
            ],
            [
              121.6763895690001,
              16.706261175000066
            ],
            [
              121.67595103700012,
              16.70599482600005
            ],
            [
              121.6764065210001,
              16.70513488000006
            ],
            [
              121.67697111700011,
              16.704232224000066
            ],
            [
              121.67738196700009,
              16.703364866000072
            ],
            [
              121.67834726800004,
              16.703907139000023
            ],
            [
              121.67880538600002,
              16.70326093400007
            ],
            [
              121.67976888400005,
              16.703400069000054
            ],
            [
              121.68226184100001,
              16.702259259000073
            ],
            [
              121.68263923200004,
              16.702271824000036
            ],
            [
              121.68312401800006,
              16.702518917000077
            ],
            [
              121.68502496400004,
              16.70347184700006
            ],
            [
              121.6849576190001,
              16.70458168700003
            ],
            [
              121.68492352500004,
              16.70531470700007
            ],
            [
              121.68462568500001,
              16.70686100200004
            ],
            [
              121.68458014900011,
              16.707091717000026
            ],
            [
              121.68450587500001,
              16.707479671000044
            ],
            [
              121.68437664300006,
              16.70802784400007
            ],
            [
              121.6842952400001,
              16.70823949000004
            ],
            [
              121.6842219780001,
              16.708695344000034
            ],
            [
              121.68397827500007,
              16.709941757000024
            ]
          ]
        ]
      },
      "properties": {
        "objectid": 37357,
        "gthcode": "8010231120560000",
        "reg_name": "Region II (Cagayan Valley)",
        "prov_name": "Isabela",
        "city_name": "Echague",
        "brgy_name": "Silauan Sur (Pob.)",
        "reg_code": "020000000",
        "prov_code": "023100000",
        "city_code": "023112000",
        "brgy_code": "023112056",
        "psgc_10d": "0203112056",
        "geographic_level": "Bgy",
        "old_names": "",
        "class": "Municipality",
        "income_class": "",
        "urban_rural2015": "R",
        "bgypop2015": 1730,
        "bgypop2020": 1906,
        "bgyarea_sqkm": 0.52697777,
        "gida": "No",
        "gida_yr": null,
        "name": "Silauan Sur (Poblacion)",
        "Barangay": "Silauan Sur (Poblacion)",
        "BRGY_NAME": "Silauan Sur (Poblacion)",
        "NAME_1": "Isabela",
        "NAME_2": "Echague",
        "NAME_3": "Silauan Sur (Poblacion)",
        "MUNICIPALITY": "Echague",
        "PROVINCE": "Isabela",
        "SOURCE": "PSA/GeoRisk BarangayPopMF ArcGIS boundary layer",
        "SOURCE_URL": "https://ulap-nga.georisk.gov.ph/arcgis/rest/services/PSA/BarangayPopMF/MapServer/0",
        "OSM_CENTER_REFERENCE": "OpenStreetMap/Nominatim Echague town point: 16.7053600, 121.6749455",
        "PSA_BRGY_NAME": "Silauan Sur (Pob.)"
      }
    },
    {
      "type": "Feature",
      "id": 37436,
      "geometry": {
        "type": "Polygon",
        "coordinates": [
          [
            [
              121.69598661700002,
              16.741640965000045
            ],
            [
              121.6958739370001,
              16.741598046000036
            ],
            [
              121.69573339200008,
              16.741538585000058
            ],
            [
              121.69566852500009,
              16.741598046000036
            ],
            [
              121.69569014700005,
              16.741711563000024
            ],
            [
              121.69571717500003,
              16.741808864000063
            ],
            [
              121.69571177000012,
              16.741884542000037
            ],
            [
              121.69555500800004,
              16.74191157000007
            ],
            [
              121.69539824600008,
              16.741792647000068
            ],
            [
              121.69525770100006,
              16.74162507400007
            ],
            [
              121.69521986200004,
              16.741398040000036
            ],
            [
              121.6953387850001,
              16.740998027000046
            ],
            [
              121.6954036520001,
              16.74080342600007
            ],
            [
              121.69524689000002,
              16.74071693700006
            ],
            [
              121.69512796700008,
              16.740700720000063
            ],
            [
              121.69501985600004,
              16.740576392000037
            ],
            [
              121.69499823300009,
              16.740387197000075
            ],
            [
              121.69505769500006,
              16.740133135000065
            ],
            [
              121.69533337900009,
              16.739954751000027
            ],
            [
              121.69555500800004,
              16.739943939000057
            ],
            [
              121.69574960900002,
              16.73998718400003
            ],
            [
              121.6959712370001,
              16.739997995000067
            ],
            [
              121.69617664900011,
              16.74001961700003
            ],
            [
              121.69628476100002,
              16.74004124000004
            ],
            [
              121.69640368400007,
              16.739922317000037
            ],
            [
              121.69629557200005,
              16.739776366000058
            ],
            [
              121.69612799900005,
              16.739592577000053
            ],
            [
              121.69578204200002,
              16.739500682000028
            ],
            [
              121.69559284700006,
              16.73946284300007
            ],
            [
              121.69547392400011,
              16.73945203200003
            ],
            [
              121.69545230200004,
              16.739360137000062
            ],
            [
              121.6955387910001,
              16.739143914000067
            ],
            [
              121.69559284700006,
              16.738981747000025
            ],
            [
              121.69542527400006,
              16.738895257000024
            ],
            [
              121.69522526800006,
              16.73887363500006
            ],
            [
              121.69516580600009,
              16.738889852000057
            ],
            [
              121.69503066700008,
              16.738889852000057
            ],
            [
              121.69492255500006,
              16.739003369000045
            ],
            [
              121.69484687700003,
              16.739057425000055
            ],
            [
              121.69469552100009,
              16.739149319000035
            ],
            [
              121.69464146500002,
              16.73924121400006
            ],
            [
              121.69456038200008,
              16.73932770400006
            ],
            [
              121.69452254200007,
              16.739338515000043
            ],
            [
              121.69440362000012,
              16.739289864000057
            ],
            [
              121.69434956400005,
              16.739197970000077
            ],
            [
              121.69427929100004,
              16.73912769700007
            ],
            [
              121.69418199100005,
              16.739106075000052
            ],
            [
              121.6940955020001,
              16.73916553600003
            ],
            [
              121.69402522900009,
              16.739246620000074
            ],
            [
              121.69388468400007,
              16.73924121400006
            ],
            [
              121.69384144000003,
              16.739116886000033
            ],
            [
              121.69387387300003,
              16.738960124000073
            ],
            [
              121.6938306290001,
              16.738824985000065
            ],
            [
              121.6936954890001,
              16.73867903400003
            ],
            [
              121.69351710500007,
              16.738516867000044
            ],
            [
              121.69335493800008,
              16.73835469900007
            ],
            [
              121.69325223200008,
              16.738203343000066
            ],
            [
              121.69313871500003,
              16.73791144200004
            ],
            [
              121.69301979200009,
              16.73773305800006
            ],
            [
              121.69301979200009,
              16.73737088400003
            ],
            [
              121.69314412000006,
              16.737008711000044
            ],
            [
              121.69314412000006,
              16.736700593000023
            ],
            [
              121.69312790300012,
              16.736451936000037
            ],
            [
              121.69319277000011,
              16.736376258000064
            ],
            [
              121.69377116700002,
              16.735965434000036
            ],
            [
              121.69414415200004,
              16.73591678400004
            ],
            [
              121.69454957000005,
              16.735835700000052
            ],
            [
              121.69468471000005,
              16.735797861000037
            ],
            [
              121.69461984300005,
              16.735646505000034
            ],
            [
              121.69440362000012,
              16.735565421000047
            ],
            [
              121.69421983000007,
              16.73553839300007
            ],
            [
              121.6940955020001,
              16.735414065000043
            ],
            [
              121.69402522900009,
              16.735235681000063
            ],
            [
              121.69397117400001,
              16.73506270300004
            ],
            [
              121.69406847400012,
              16.735035675000063
            ],
            [
              121.6942306410001,
              16.73506270300004
            ],
            [
              121.6943657810001,
              16.735078919000046
            ],
            [
              121.6944630810001,
              16.735089730000027
            ],
            [
              121.69450092000011,
              16.735019458000068
            ],
            [
              121.69447389200002,
              16.73491675200006
            ],
            [
              121.69441443100004,
              16.734846479000055
            ],
            [
              121.69440362000012,
              16.734727557000042
            ],
            [
              121.69427388600002,
              16.73463025600006
            ],
            [
              121.69413874600002,
              16.734603228000026
            ],
            [
              121.69407928500004,
              16.734522145000028
            ],
            [
              121.69409009600008,
              16.73446268300006
            ],
            [
              121.69416577400011,
              16.73440862800004
            ],
            [
              121.69431713100005,
              16.73424105500004
            ],
            [
              121.69477119900012,
              16.73394374800006
            ],
            [
              121.69492796100008,
              16.733824825000056
            ],
            [
              121.69497120500012,
              16.733565357000032
            ],
            [
              121.69511175000002,
              16.733381568000027
            ],
            [
              121.69525770100006,
              16.73341400100003
            ],
            [
              121.69532797400007,
              16.73346805700004
            ],
            [
              121.69541446300002,
              16.733516707000035
            ],
            [
              121.69550095200009,
              16.73350049100003
            ],
            [
              121.69558203600002,
              16.733316701000035
            ],
            [
              121.6957387980001,
              16.73317615600007
            ],
            [
              121.69591718200002,
              16.732959933000075
            ],
            [
              121.69609556600005,
              16.732884255000045
            ],
            [
              121.69621989400002,
              16.732884255000045
            ],
            [
              121.69629016600004,
              16.73295452700006
            ],
            [
              121.69639287200005,
              16.73307885500003
            ],
            [
              121.69648476700002,
              16.73317615600007
            ],
            [
              121.6965766620001,
              16.73310047800004
            ],
            [
              121.69658206800011,
              16.733003177000057
            ],
            [
              121.69664152900009,
              16.732803171000057
            ],
            [
              121.69666315100005,
              16.732619381000063
            ],
            [
              121.69662531200004,
              16.732473431000074
            ],
            [
              121.69650098400007,
              16.73235991400003
            ],
            [
              121.69630638300009,
              16.73226801900006
            ],
            [
              121.69615502700003,
              16.732143691000033
            ],
            [
              121.69598204900001,
              16.732073418000027
            ],
            [
              121.6958036640001,
              16.732008551000035
            ],
            [
              121.69564690300001,
              16.732051796000064
            ],
            [
              121.69544689600002,
              16.731932873000062
            ],
            [
              121.6953712180001,
              16.73200314500002
            ],
            [
              121.69524689000002,
              16.731927467000048
            ],
            [
              121.6952036450001,
              16.731765300000063
            ],
            [
              121.69516040100007,
              16.731673405000038
            ],
            [
              121.69503607200011,
              16.731662594000056
            ],
            [
              121.69487390500001,
              16.731711244000053
            ],
            [
              121.69471714300005,
              16.731619349000027
            ],
            [
              121.6945657870001,
              16.731576105000045
            ],
            [
              121.6944630810001,
              16.731565294000063
            ],
            [
              121.69437659200003,
              16.731467993000024
            ],
            [
              121.6941982080001,
              16.731257176000042
            ],
            [
              121.69399820100011,
              16.73115987500006
            ],
            [
              121.69389009000008,
              16.73122474200005
            ],
            [
              121.69374954500006,
              16.731186903000037
            ],
            [
              121.69056478400012,
              16.73188516600004
            ],
            [
              121.69026221100012,
              16.730377842000053
            ],
            [
              121.69020165600011,
              16.730044213000042
            ],
            [
              121.69012888100008,
              16.729613224000047
            ],
            [
              121.69009131000007,
              16.729407949000063
            ],
            [
              121.68999436800004,
              16.72902286900006
            ],
            [
              121.68988407900008,
              16.728282361000026
            ],
            [
              121.68928481000012,
              16.727423685000076
            ],
            [
              121.68898282700002,
              16.727104422000025
            ],
            [
              121.6915288460001,
              16.726824066000063
            ],
            [
              121.69475527100008,
              16.726057567000055
            ],
            [
              121.69626193500005,
              16.725296032000074
            ],
            [
              121.69950654600007,
              16.726562423000075
            ],
            [
              121.70053654200001,
              16.726138442000035
            ],
            [
              121.70207754000012,
              16.72604143700005
            ],
            [
              121.70314553600008,
              16.72564045400003
            ],
            [
              121.7039245090001,
              16.72323700000004
            ],
            [
              121.70441681000011,
              16.722937269000056
            ],
            [
              121.70515024000008,
              16.72167999100003
            ],
            [
              121.70634753700006,
              16.722485728000038
            ],
            [
              121.7075533950001,
              16.723769382000057
            ],
            [
              121.70817577300011,
              16.725208632000033
            ],
            [
              121.71085977900009,
              16.726336692000075
            ],
            [
              121.71879501100011,
              16.728428605000033
            ],
            [
              121.71877702100005,
              16.728445287000056
            ],
            [
              121.71688387000006,
              16.730200754000066
            ],
            [
              121.71418410600006,
              16.730126218000066
            ],
            [
              121.70612166800004,
              16.734212659000036
            ],
            [
              121.70303031000003,
              16.733824336000055
            ],
            [
              121.69856104700011,
              16.737547346000042
            ],
            [
              121.69598661700002,
              16.741640965000045
            ]
          ]
        ]
      },
      "properties": {
        "objectid": 37436,
        "gthcode": "8010231120580000",
        "reg_name": "Region II (Cagayan Valley)",
        "prov_name": "Isabela",
        "city_name": "Echague",
        "brgy_name": "Sinabbaran",
        "reg_code": "020000000",
        "prov_code": "023100000",
        "city_code": "023112000",
        "brgy_code": "023112058",
        "psgc_10d": "0203112058",
        "geographic_level": "Bgy",
        "old_names": "",
        "class": "Municipality",
        "income_class": "",
        "urban_rural2015": "R",
        "bgypop2015": 1342,
        "bgypop2020": 1420,
        "bgyarea_sqkm": 2.58402002,
        "gida": "No",
        "gida_yr": null,
        "name": "Sinabbaran",
        "Barangay": "Sinabbaran",
        "BRGY_NAME": "Sinabbaran",
        "NAME_1": "Isabela",
        "NAME_2": "Echague",
        "NAME_3": "Sinabbaran",
        "MUNICIPALITY": "Echague",
        "PROVINCE": "Isabela",
        "SOURCE": "PSA/GeoRisk BarangayPopMF ArcGIS boundary layer",
        "SOURCE_URL": "https://ulap-nga.georisk.gov.ph/arcgis/rest/services/PSA/BarangayPopMF/MapServer/0",
        "OSM_CENTER_REFERENCE": "OpenStreetMap/Nominatim Echague town point: 16.7053600, 121.6749455",
        "PSA_BRGY_NAME": "Sinabbaran"
      }
    },
    {
      "type": "Feature",
      "id": 37843,
      "geometry": {
        "type": "Polygon",
        "coordinates": [
          [
            [
              121.66707249500007,
              16.706373814000074
            ],
            [
              121.664366244,
              16.709132238000052
            ],
            [
              121.66245693700012,
              16.708313963000023
            ],
            [
              121.6599811320001,
              16.706845266000073
            ],
            [
              121.65975033600012,
              16.705061847000024
            ],
            [
              121.65914187600004,
              16.703215484000054
            ],
            [
              121.65765219700006,
              16.702040526000076
            ],
            [
              121.65727752500004,
              16.69870187500004
            ],
            [
              121.6574386310001,
              16.69699660300006
            ],
            [
              121.65790288400001,
              16.692017468000074
            ],
            [
              121.66030684100008,
              16.693855789000054
            ],
            [
              121.66288756000006,
              16.694951711000044
            ],
            [
              121.66525616600006,
              16.695658757000047
            ],
            [
              121.66744800900005,
              16.695411291000028
            ],
            [
              121.6699933760001,
              16.695163825000066
            ],
            [
              121.67203809300008,
              16.695636166000043
            ],
            [
              121.67363466500001,
              16.695658757000047
            ],
            [
              121.67246269700001,
              16.69993507600003
            ],
            [
              121.67212798700007,
              16.700409523000076
            ],
            [
              121.67152833300008,
              16.701332346000072
            ],
            [
              121.67095276300006,
              16.702200418000075
            ],
            [
              121.66707249500007,
              16.706373814000074
            ]
          ]
        ]
      },
      "properties": {
        "objectid": 37843,
        "gthcode": "8010231120590000",
        "reg_name": "Region II (Cagayan Valley)",
        "prov_name": "Isabela",
        "city_name": "Echague",
        "brgy_name": "Soyung",
        "reg_code": "020000000",
        "prov_code": "023100000",
        "city_code": "023112000",
        "brgy_code": "023112059",
        "psgc_10d": "0203112059",
        "geographic_level": "Bgy",
        "old_names": "",
        "class": "Municipality",
        "income_class": "",
        "urban_rural2015": "U",
        "bgypop2015": 2875,
        "bgypop2020": 3014,
        "bgyarea_sqkm": 1.9306492800000001,
        "gida": "No",
        "gida_yr": null,
        "name": "Soyung (Poblacion)",
        "Barangay": "Soyung (Poblacion)",
        "BRGY_NAME": "Soyung (Poblacion)",
        "NAME_1": "Isabela",
        "NAME_2": "Echague",
        "NAME_3": "Soyung (Poblacion)",
        "MUNICIPALITY": "Echague",
        "PROVINCE": "Isabela",
        "SOURCE": "PSA/GeoRisk BarangayPopMF ArcGIS boundary layer",
        "SOURCE_URL": "https://ulap-nga.georisk.gov.ph/arcgis/rest/services/PSA/BarangayPopMF/MapServer/0",
        "OSM_CENTER_REFERENCE": "OpenStreetMap/Nominatim Echague town point: 16.7053600, 121.6749455",
        "PSA_BRGY_NAME": "Soyung"
      }
    },
    {
      "type": "Feature",
      "id": 38576,
      "geometry": {
        "type": "Polygon",
        "coordinates": [
          [
            [
              121.67738196700009,
              16.703364866000072
            ],
            [
              121.67697111700011,
              16.704232224000066
            ],
            [
              121.6764065210001,
              16.70513488000006
            ],
            [
              121.67554788500001,
              16.70466310100005
            ],
            [
              121.67465150600003,
              16.704191323000032
            ],
            [
              121.67374569100002,
              16.703691238000033
            ],
            [
              121.67282100500006,
              16.703181717000064
            ],
            [
              121.67191519100004,
              16.702681632000065
            ],
            [
              121.67095276300006,
              16.702200418000075
            ],
            [
              121.67152833300008,
              16.701332346000072
            ],
            [
              121.67212798700007,
              16.700409523000076
            ],
            [
              121.67246269700001,
              16.69993507600003
            ],
            [
              121.67363466500001,
              16.695658757000047
            ],
            [
              121.67549440500011,
              16.695572838000032
            ],
            [
              121.67750243100011,
              16.696332632000065
            ],
            [
              121.6793883470001,
              16.696726096000077
            ],
            [
              121.67842010900006,
              16.700626792000037
            ],
            [
              121.67897413500009,
              16.70078873800003
            ],
            [
              121.67738196700009,
              16.703364866000072
            ]
          ]
        ]
      },
      "properties": {
        "objectid": 38576,
        "gthcode": "8010231120600000",
        "reg_name": "Region II (Cagayan Valley)",
        "prov_name": "Isabela",
        "city_name": "Echague",
        "brgy_name": "Taggappan",
        "reg_code": "020000000",
        "prov_code": "023100000",
        "city_code": "023112000",
        "brgy_code": "023112060",
        "psgc_10d": "0203112060",
        "geographic_level": "Bgy",
        "old_names": "",
        "class": "Municipality",
        "income_class": "",
        "urban_rural2015": "R",
        "bgypop2015": 1774,
        "bgypop2020": 1584,
        "bgyarea_sqkm": 0.58514995,
        "gida": "No",
        "gida_yr": null,
        "name": "Taggappan (Poblacion)",
        "Barangay": "Taggappan (Poblacion)",
        "BRGY_NAME": "Taggappan (Poblacion)",
        "NAME_1": "Isabela",
        "NAME_2": "Echague",
        "NAME_3": "Taggappan (Poblacion)",
        "MUNICIPALITY": "Echague",
        "PROVINCE": "Isabela",
        "SOURCE": "PSA/GeoRisk BarangayPopMF ArcGIS boundary layer",
        "SOURCE_URL": "https://ulap-nga.georisk.gov.ph/arcgis/rest/services/PSA/BarangayPopMF/MapServer/0",
        "OSM_CENTER_REFERENCE": "OpenStreetMap/Nominatim Echague town point: 16.7053600, 121.6749455",
        "PSA_BRGY_NAME": "Taggappan"
      }
    },
    {
      "type": "Feature",
      "id": 40640,
      "geometry": {
        "type": "Polygon",
        "coordinates": [
          [
            [
              121.69382673500002,
              16.707132228000035
            ],
            [
              121.69327032100011,
              16.709810967000067
            ],
            [
              121.69239712900003,
              16.713807709000037
            ],
            [
              121.69231011400007,
              16.716120956000054
            ],
            [
              121.68726278700001,
              16.711622478000038
            ],
            [
              121.6860306210001,
              16.710320567000053
            ],
            [
              121.68600817400011,
              16.71031642400004
            ],
            [
              121.68397827500007,
              16.709941757000024
            ],
            [
              121.6842219780001,
              16.708695344000034
            ],
            [
              121.6842952400001,
              16.70823949000004
            ],
            [
              121.68437664300006,
              16.70802784400007
            ],
            [
              121.68450587500001,
              16.707479671000044
            ],
            [
              121.68458014900011,
              16.707091717000026
            ],
            [
              121.68462568500001,
              16.70686100200004
            ],
            [
              121.68522827400011,
              16.707022304000077
            ],
            [
              121.68607102100009,
              16.70722993800007
            ],
            [
              121.6867783460001,
              16.70728194700007
            ],
            [
              121.68690155400009,
              16.707291006000048
            ],
            [
              121.6873046070001,
              16.707327647000056
            ],
            [
              121.68778094200002,
              16.707461998000042
            ],
            [
              121.68800078900006,
              16.70754749400004
            ],
            [
              121.68826949100003,
              16.70748642600006
            ],
            [
              121.68853819300011,
              16.707291006000048
            ],
            [
              121.68892903200003,
              16.707364289000054
            ],
            [
              121.68902674200001,
              16.707632991000025
            ],
            [
              121.68917330600004,
              16.707926120000025
            ],
            [
              121.68946643600009,
              16.708097112000075
            ],
            [
              121.68982063400006,
              16.70802383000006
            ],
            [
              121.69008933500004,
              16.707938334000062
            ],
            [
              121.69018704500002,
              16.70775512800003
            ],
            [
              121.69073666300005,
              16.707596349000028
            ],
            [
              121.69129849400008,
              16.70743757100007
            ],
            [
              121.6915305550001,
              16.707596349000028
            ],
            [
              121.69182368400004,
              16.707461998000042
            ],
            [
              121.6924465840001,
              16.707364289000054
            ],
            [
              121.69288627800006,
              16.70730322000003
            ],
            [
              121.69382673500002,
              16.707132228000035
            ]
          ]
        ]
      },
      "properties": {
        "objectid": 40640,
        "gthcode": "8010231120610000",
        "reg_name": "Region II (Cagayan Valley)",
        "prov_name": "Isabela",
        "city_name": "Echague",
        "brgy_name": "Tuguegarao",
        "reg_code": "020000000",
        "prov_code": "023100000",
        "city_code": "023112000",
        "brgy_code": "023112061",
        "psgc_10d": "0203112061",
        "geographic_level": "Bgy",
        "old_names": "",
        "class": "Municipality",
        "income_class": "",
        "urban_rural2015": "R",
        "bgypop2015": 2168,
        "bgypop2020": 2470,
        "bgyarea_sqkm": 0.5549773,
        "gida": "No",
        "gida_yr": null,
        "name": "Tuguegarao",
        "Barangay": "Tuguegarao",
        "BRGY_NAME": "Tuguegarao",
        "NAME_1": "Isabela",
        "NAME_2": "Echague",
        "NAME_3": "Tuguegarao",
        "MUNICIPALITY": "Echague",
        "PROVINCE": "Isabela",
        "SOURCE": "PSA/GeoRisk BarangayPopMF ArcGIS boundary layer",
        "SOURCE_URL": "https://ulap-nga.georisk.gov.ph/arcgis/rest/services/PSA/BarangayPopMF/MapServer/0",
        "OSM_CENTER_REFERENCE": "OpenStreetMap/Nominatim Echague town point: 16.7053600, 121.6749455",
        "PSA_BRGY_NAME": "Tuguegarao"
      }
    },
    {
      "type": "Feature",
      "id": 41386,
      "geometry": {
        "type": "Polygon",
        "coordinates": [
          [
            [
              121.80795364100004,
              16.664513149000072
            ],
            [
              121.80411885700005,
              16.665401148000058
            ],
            [
              121.79745864400002,
              16.665420546000064
            ],
            [
              121.78632943000002,
              16.66514565400007
            ],
            [
              121.78502259900006,
              16.65651245300006
            ],
            [
              121.78405955200003,
              16.653798212000027
            ],
            [
              121.7836790130001,
              16.65085913000007
            ],
            [
              121.78268897900011,
              16.647024964000025
            ],
            [
              121.78238604900002,
              16.64391275400004
            ],
            [
              121.78375472000005,
              16.641627447000076
            ],
            [
              121.7843698690001,
              16.637866033000023
            ],
            [
              121.78729647600005,
              16.635568164000063
            ],
            [
              121.78929574900008,
              16.63404745500003
            ],
            [
              121.80423736600005,
              16.641618470000026
            ],
            [
              121.80958761700003,
              16.646553760000074
            ],
            [
              121.81356916000004,
              16.648679363000042
            ],
            [
              121.81836476300009,
              16.647555682000075
            ],
            [
              121.82239918200003,
              16.646623117000047
            ],
            [
              121.82559358800006,
              16.65426755900006
            ],
            [
              121.82578001600007,
              16.658662682000056
            ],
            [
              121.82650488700006,
              16.66166918500005
            ],
            [
              121.82323486400003,
              16.661932341000067
            ],
            [
              121.81973660900007,
              16.663057227000024
            ],
            [
              121.8155673660001,
              16.664864566000062
            ],
            [
              121.81120653900007,
              16.664929597000025
            ],
            [
              121.80935147800005,
              16.664117286000078
            ],
            [
              121.80795364100004,
              16.664513149000072
            ]
          ]
        ]
      },
      "properties": {
        "objectid": 41386,
        "gthcode": "8010231120620000",
        "reg_name": "Region II (Cagayan Valley)",
        "prov_name": "Isabela",
        "city_name": "Echague",
        "brgy_name": "Villa Campo",
        "reg_code": "020000000",
        "prov_code": "023100000",
        "city_code": "023112000",
        "brgy_code": "023112062",
        "psgc_10d": "0203112062",
        "geographic_level": "Bgy",
        "old_names": "",
        "class": "Municipality",
        "income_class": "",
        "urban_rural2015": "R",
        "bgypop2015": 871,
        "bgypop2020": 921,
        "bgyarea_sqkm": 10.85234403,
        "gida": "Yes",
        "gida_yr": "2023",
        "name": "Villa Campo",
        "Barangay": "Villa Campo",
        "BRGY_NAME": "Villa Campo",
        "NAME_1": "Isabela",
        "NAME_2": "Echague",
        "NAME_3": "Villa Campo",
        "MUNICIPALITY": "Echague",
        "PROVINCE": "Isabela",
        "SOURCE": "PSA/GeoRisk BarangayPopMF ArcGIS boundary layer",
        "SOURCE_URL": "https://ulap-nga.georisk.gov.ph/arcgis/rest/services/PSA/BarangayPopMF/MapServer/0",
        "OSM_CENTER_REFERENCE": "OpenStreetMap/Nominatim Echague town point: 16.7053600, 121.6749455",
        "PSA_BRGY_NAME": "Villa Campo"
      }
    },
    {
      "type": "Feature",
      "id": 41409,
      "geometry": {
        "type": "Polygon",
        "coordinates": [
          [
            [
              121.65504829300005,
              16.589669061000052
            ],
            [
              121.65410459100008,
              16.591432293000025
            ],
            [
              121.6537409010001,
              16.592540196000073
            ],
            [
              121.65395558600005,
              16.59774019400004
            ],
            [
              121.65502345900006,
              16.602210360000072
            ],
            [
              121.65472544800002,
              16.60476828900005
            ],
            [
              121.65469069000005,
              16.607935946000055
            ],
            [
              121.65249368800005,
              16.607497987000045
            ],
            [
              121.65108168800009,
              16.607305009000072
            ],
            [
              121.64781668600006,
              16.606819061000067
            ],
            [
              121.64546668300011,
              16.606149118000076
            ],
            [
              121.64329267700009,
              16.605138195000052
            ],
            [
              121.64142367700003,
              16.604959219000023
            ],
            [
              121.6381323380001,
              16.60564843000003
            ],
            [
              121.63221191000002,
              16.604771330000062
            ],
            [
              121.62782640800003,
              16.60471651100005
            ],
            [
              121.62500470400005,
              16.607143199000063
            ],
            [
              121.62473770000008,
              16.60647324200005
            ],
            [
              121.62447868900006,
              16.604982335000045
            ],
            [
              121.62464667100005,
              16.602655475000063
            ],
            [
              121.62548565500003,
              16.600595595000073
            ],
            [
              121.62735463900003,
              16.598558706000063
            ],
            [
              121.62818663200005,
              16.597663754000052
            ],
            [
              121.62782762100005,
              16.596147849000033
            ],
            [
              121.62669861300003,
              16.594978928000046
            ],
            [
              121.62682059500003,
              16.592673068000067
            ],
            [
              121.62619458100005,
              16.590603198000053
            ],
            [
              121.62715656400007,
              16.588477321000028
            ],
            [
              121.62971254700005,
              16.586478425000053
            ],
            [
              121.6323515260001,
              16.58379657000006
            ],
            [
              121.63393150400009,
              16.580998729000044
            ],
            [
              121.63464849200011,
              16.579415821000055
            ],
            [
              121.63504448000003,
              16.577893911000047
            ],
            [
              121.63569558000006,
              16.57617633500007
            ],
            [
              121.64195388100006,
              16.575546003000056
            ],
            [
              121.64531267000007,
              16.574249993000024
            ],
            [
              121.64629900000011,
              16.57302455300004
            ],
            [
              121.64710599700004,
              16.572815331000072
            ],
            [
              121.64764399500007,
              16.573173997000026
            ],
            [
              121.64854065800012,
              16.57344299600004
            ],
            [
              121.64958676600008,
              16.57395110500005
            ],
            [
              121.65054320700006,
              16.574489103000076
            ],
            [
              121.64933777400006,
              16.576266383000075
            ],
            [
              121.6481671570001,
              16.578427522000027
            ],
            [
              121.64893256100004,
              16.581309042000044
            ],
            [
              121.64911265600006,
              16.58419056100007
            ],
            [
              121.65324854200003,
              16.587977171000034
            ],
            [
              121.65504829300005,
              16.589669061000052
            ]
          ]
        ]
      },
      "properties": {
        "objectid": 41409,
        "gthcode": "8010231120630000",
        "reg_name": "Region II (Cagayan Valley)",
        "prov_name": "Isabela",
        "city_name": "Echague",
        "brgy_name": "Villa Fermin",
        "reg_code": "020000000",
        "prov_code": "023100000",
        "city_code": "023112000",
        "brgy_code": "023112063",
        "psgc_10d": "0203112063",
        "geographic_level": "Bgy",
        "old_names": "",
        "class": "Municipality",
        "income_class": "",
        "urban_rural2015": "R",
        "bgypop2015": 980,
        "bgypop2020": 921,
        "bgyarea_sqkm": 8.47154528,
        "gida": "No",
        "gida_yr": null,
        "name": "Villa Fermin",
        "Barangay": "Villa Fermin",
        "BRGY_NAME": "Villa Fermin",
        "NAME_1": "Isabela",
        "NAME_2": "Echague",
        "NAME_3": "Villa Fermin",
        "MUNICIPALITY": "Echague",
        "PROVINCE": "Isabela",
        "SOURCE": "PSA/GeoRisk BarangayPopMF ArcGIS boundary layer",
        "SOURCE_URL": "https://ulap-nga.georisk.gov.ph/arcgis/rest/services/PSA/BarangayPopMF/MapServer/0",
        "OSM_CENTER_REFERENCE": "OpenStreetMap/Nominatim Echague town point: 16.7053600, 121.6749455",
        "PSA_BRGY_NAME": "Villa Fermin"
      }
    },
    {
      "type": "Feature",
      "id": 41494,
      "geometry": {
        "type": "Polygon",
        "coordinates": [
          [
            [
              121.83656151900004,
              16.67459472400003
            ],
            [
              121.831489368,
              16.67786863400005
            ],
            [
              121.82675995200009,
              16.679406980000067
            ],
            [
              121.82024141400007,
              16.680234029000076
            ],
            [
              121.81182018800007,
              16.68127759300006
            ],
            [
              121.81558557300002,
              16.675256795000053
            ],
            [
              121.8138507330001,
              16.671683562000055
            ],
            [
              121.81136517200002,
              16.668916956000032
            ],
            [
              121.80978123600005,
              16.666715219000025
            ],
            [
              121.80795364100004,
              16.664513149000072
            ],
            [
              121.80935147800005,
              16.664117286000078
            ],
            [
              121.81120653900007,
              16.664929597000025
            ],
            [
              121.8155673660001,
              16.664864566000062
            ],
            [
              121.81973660900007,
              16.663057227000024
            ],
            [
              121.82323486400003,
              16.661932341000067
            ],
            [
              121.82650488700006,
              16.66166918500005
            ],
            [
              121.82843864600011,
              16.661925669000027
            ],
            [
              121.83451293600001,
              16.663179154000034
            ],
            [
              121.83942239500004,
              16.661668001000066
            ],
            [
              121.84065833400007,
              16.665137962000074
            ],
            [
              121.84045676100004,
              16.66766233900006
            ],
            [
              121.84003155200003,
              16.66865262700003
            ],
            [
              121.84031860400012,
              16.671135589000073
            ],
            [
              121.83656151900004,
              16.67459472400003
            ]
          ]
        ]
      },
      "properties": {
        "objectid": 41494,
        "gthcode": "8010231120640000",
        "reg_name": "Region II (Cagayan Valley)",
        "prov_name": "Isabela",
        "city_name": "Echague",
        "brgy_name": "Villa Rey",
        "reg_code": "020000000",
        "prov_code": "023100000",
        "city_code": "023112000",
        "brgy_code": "023112064",
        "psgc_10d": "0203112064",
        "geographic_level": "Bgy",
        "old_names": "",
        "class": "Municipality",
        "income_class": "",
        "urban_rural2015": "R",
        "bgypop2015": 501,
        "bgypop2020": 514,
        "bgyarea_sqkm": 5.02356375,
        "gida": "No",
        "gida_yr": null,
        "name": "Villa Rey",
        "Barangay": "Villa Rey",
        "BRGY_NAME": "Villa Rey",
        "NAME_1": "Isabela",
        "NAME_2": "Echague",
        "NAME_3": "Villa Rey",
        "MUNICIPALITY": "Echague",
        "PROVINCE": "Isabela",
        "SOURCE": "PSA/GeoRisk BarangayPopMF ArcGIS boundary layer",
        "SOURCE_URL": "https://ulap-nga.georisk.gov.ph/arcgis/rest/services/PSA/BarangayPopMF/MapServer/0",
        "OSM_CENTER_REFERENCE": "OpenStreetMap/Nominatim Echague town point: 16.7053600, 121.6749455",
        "PSA_BRGY_NAME": "Villa Rey"
      }
    },
    {
      "type": "Feature",
      "id": 41519,
      "geometry": {
        "type": "Polygon",
        "coordinates": [
          [
            [
              121.67096705100005,
              16.586217099000066
            ],
            [
              121.6644047740001,
              16.588376641000025
            ],
            [
              121.65504829300005,
              16.589669061000052
            ],
            [
              121.65324854200003,
              16.587977171000034
            ],
            [
              121.64911265600006,
              16.58419056100007
            ],
            [
              121.64893256100004,
              16.581309042000044
            ],
            [
              121.6481671570001,
              16.578427522000027
            ],
            [
              121.64933777400006,
              16.576266383000075
            ],
            [
              121.65054320700006,
              16.574489103000076
            ],
            [
              121.65129042700005,
              16.574518992000037
            ],
            [
              121.65215720100002,
              16.57436954800005
            ],
            [
              121.65299408700002,
              16.574190215000044
            ],
            [
              121.65338264100001,
              16.574518992000037
            ],
            [
              121.65364306900005,
              16.57571507800003
            ],
            [
              121.65409997200004,
              16.576043320000053
            ],
            [
              121.65457819300002,
              16.57607320900007
            ],
            [
              121.65524265400006,
              16.57547633400003
            ],
            [
              121.65613241000005,
              16.575385767000057
            ],
            [
              121.65705896200006,
              16.57541565500003
            ],
            [
              121.65720840600011,
              16.576013431000035
            ],
            [
              121.65816484700008,
              16.575565099000073
            ],
            [
              121.65896407600007,
              16.575431429000048
            ],
            [
              121.66515053100011,
              16.57480785100006
            ],
            [
              121.6641955550001,
              16.57655068300005
            ],
            [
              121.66401551500007,
              16.579192926000076
            ],
            [
              121.66581646400005,
              16.58126401800007
            ],
            [
              121.66946338800005,
              16.583830371000033
            ],
            [
              121.67096705100005,
              16.586217099000066
            ]
          ]
        ]
      },
      "properties": {
        "objectid": 41519,
        "gthcode": "8010231120650000",
        "reg_name": "Region II (Cagayan Valley)",
        "prov_name": "Isabela",
        "city_name": "Echague",
        "brgy_name": "Villa Victoria",
        "reg_code": "020000000",
        "prov_code": "023100000",
        "city_code": "023112000",
        "brgy_code": "023112065",
        "psgc_10d": "0203112065",
        "geographic_level": "Bgy",
        "old_names": "",
        "class": "Municipality",
        "income_class": "",
        "urban_rural2015": "R",
        "bgypop2015": 390,
        "bgypop2020": 508,
        "bgyarea_sqkm": 2.7303599000000003,
        "gida": "No",
        "gida_yr": null,
        "name": "Villa Victoria",
        "Barangay": "Villa Victoria",
        "BRGY_NAME": "Villa Victoria",
        "NAME_1": "Isabela",
        "NAME_2": "Echague",
        "NAME_3": "Villa Victoria",
        "MUNICIPALITY": "Echague",
        "PROVINCE": "Isabela",
        "SOURCE": "PSA/GeoRisk BarangayPopMF ArcGIS boundary layer",
        "SOURCE_URL": "https://ulap-nga.georisk.gov.ph/arcgis/rest/services/PSA/BarangayPopMF/MapServer/0",
        "OSM_CENTER_REFERENCE": "OpenStreetMap/Nominatim Echague town point: 16.7053600, 121.6749455",
        "PSA_BRGY_NAME": "Villa Victoria"
      }
    }
  ],
  "metadata": {
    "source": "PSA/GeoRisk BarangayPopMF ArcGIS boundary layer",
    "sourceUrl": "https://ulap-nga.georisk.gov.ph/arcgis/rest/services/PSA/BarangayPopMF/MapServer/0",
    "sourceQuery": "UPPER(city_name)='ECHAGUE' AND UPPER(prov_name)='ISABELA'",
    "osmCenterReference": {
      "source": "OpenStreetMap/Nominatim",
      "osmType": "node",
      "osmId": 198525617,
      "latitude": 16.70536,
      "longitude": 121.6749455
    },
    "projection": "EPSG:4326",
    "authoritativeBoundarySource": true
  }
}
